Date,Close,High,Low,Open,Volume,Bid,Ask
2023-03-31,162.54518127441406,162.64375926608275,159.59788883873148,160.120319104618,68749800,162.46390868377685,162.62645386505127
2023-04-03,163.79702758789062,163.91530912930577,161.87487733545584,161.92416632467473,56976200,163.7151290740967,163.87892610168456
2023-04-04,163.26478576660156,164.4574983782598,162.75220722625122,164.22093523724538,46278300,163.18315337371828,163.34641815948484
2023-04-05,161.42147827148438,162.69306530915642,159.48947577581393,162.38749456021097,51511700,161.34076753234865,161.5021890106201
2023-04-06,162.30862426757812,162.60434321282244,159.686606015777,160.1104583059446,45390100,162.22746995544435,162.3897785797119
2023-04-10,159.71617126464844,159.71617126464844,157.7940207437735,159.11488161033475,47716900,159.63631317901613,159.79602935028075
2023-04-11,158.5037384033203,160.04145880285023,158.21787125365222,160.03160702009572,47644200,158.42448653411867,158.58299027252195
2023-04-12,157.81375122070312,159.74575366976245,157.49831365463328,158.9177526201656,50133100,157.7348443450928,157.89265809631345
2023-04-13,163.19577026367188,163.43234843413578,159.11489082873655,159.3218986080038,68445600,163.11417237854005,163.2773681488037
2023-04-14,162.8507843017578,163.94493394539444,161.48063430124813,162.23962776220338,49386500,162.76935890960695,162.93220969390867
2023-04-17,162.87046813964844,163.02818690758198,161.68760746192598,162.73246797792896,41516200,162.7890329055786,162.95190337371827
2023-04-18,164.0927734375,165.01935243982652,163.2844759960185,163.72806193096773,49923000,164.01072705078127,164.17481982421873
2023-04-19,165.2362060546875,165.7586363174907,163.17604035173306,163.43233711220313,47720200,165.15358795166017,165.31882415771483
2023-04-20,164.2702178955078,165.47279739564374,163.19578679746758,163.71821714939145,52456400,164.18808278656007,164.35235300445555
2023-04-21,162.66348266601562,164.07305473489896,162.14105238473394,162.69305305620966,58337300,162.58215092468262,162.74481440734863
2023-04-24,162.9690399169922,163.23518844762253,161.5496011414824,162.64375061086378,41949600,162.8875553970337,163.05052443695067
2023-04-25,161.4313201904297,163.93504162144998,161.3918829793584,162.83104036567903,48714100,161.3506045303345,161.51203585052488
2023-04-26,161.42147827148438,162.91977666468185,160.47519563222698,160.73147738017352,45498800,161.34076753234865,161.5021890106201
2023-04-27,166.00506591796875,166.1529178634098,162.83104713478986,162.83104713478986,64902300,165.92206338500978,166.08806845092772
2023-04-28,167.25694274902344,167.42452836533985,165.48265898999023,166.08394872105114,55275900,167.17331427764893,167.34057122039795
2023-05-01,167.168212890625,168.01593249804148,166.2317821133474,166.86264216717663,52472900,167.0846287841797,167.2517969970703
2023-05-02,166.13319396972656,167.91735928630777,165.14747425578494,167.6610625345139,48425700,166.0501273727417,166.2162605667114
2023-05-03,165.0587615966797,168.47921017635485,164.77290950021637,167.07949000013943,65136000,164.97623221588137,165.141290977478
2023-05-04,163.42245483398438,164.65460440159984,161.96359395737636,162.53531316165655,81235400,163.3407436065674,163.50416606140135
2023-05-05,171.0913848876953,171.8109560965244,168.32149974515366,168.5383592942621,113453200,171.00583919525147,171.17693058013916
2023-05-08,171.0223846435547,171.36739258858663,169.65223472844943,170.0169462399646,55962800,170.9368734512329,171.10789583587646
2023-05-09,169.3170928955078,171.06180609803263,169.14952233576255,170.57881302608763,45326900,169.23243434906007,169.40175144195555
2023-05-10,171.08151245117188,171.54480192353225,169.44521410372417,170.5492304195713,53724500,170.9959716949463,171.16705320739746
2023-05-11,171.26878356933594,172.0967844383617,169.71134476851833,171.36736154745756,49514700,171.1831491775513,171.3544179611206
2023-05-12,170.34092712402344,171.81167121139163,168.79119952450796,171.3773522647327,45533100,170.25575666046143,170.42609758758545
2023-05-15,169.84742736816406,170.97270170588305,169.25517137496644,170.92334452950067,37266700,169.76250365447999,169.93235108184814
2023-05-16,169.84742736816406,170.9035986466086,169.58091066505557,169.76845889829133,42110300,169.76250365447999,169.93235108184814
2023-05-17,170.45941162109375,170.69630196545663,168.21872838992437,169.4920742376562,57951600,170.3741819152832,170.5446413269043
2023-05-18,172.78890991210938,172.97645812210007,170.35081330561755,170.76538642479474,65496700,172.70251545715334,172.8753043670654
2023-05-19,172.8975067138672,174.11161490131875,172.68034719263906,174.11161490131875,55809500,172.81105796051025,172.98395546722412
2023-05-22,171.94989013671875,172.45331220735133,171.2095777379714,171.73273062815065,43570900,171.8639151916504,172.0358650817871
2023-05-23,169.34400939941406,171.1405082441651,169.06762727894406,170.89373741791002,50747300,169.25933739471438,169.42868140411375
2023-05-24,169.62034606933594,170.19285604024458,168.31740428792023,168.88003378894078,45143500,169.53553589630127,169.7051562423706
2023-05-25,170.75550842285156,171.65374258398057,169.47229739906246,170.18299842572435,56058300,170.67013066864016,170.84088617706297
2023-05-26,173.1640167236328,173.49963649375093,170.873991291327,171.08128541223243,54835000,173.077434715271,173.25059873199461
2023-05-30,175.00985717773438,176.67803022234617,174.28929064745816,174.6742524991613,55964400,174.92235224914552,175.09736210632323
2023-05-31,174.96051025390625,177.03339115324283,174.47683402760893,175.03947872320146,99625300,174.87302999877932,175.04799050903318
2023-06-01,177.76380920410156,177.79342049505456,174.64462268903534,175.40468096744894,68901800,177.67492729949953,177.8526911087036
2023-06-02,178.61268615722656,179.4319669478336,176.94451328757913,178.69165461361322,61996900,178.52337981414797,178.70199250030515
2023-06-05,177.26039123535156,182.56102285189482,175.7402747725204,180.27099781019854,121946500,177.1717610397339,177.34902143096923
2023-06-06,176.89517211914062,177.79340630920336,175.13815031318512,177.64534986625156,64848400,176.80672453308105,176.9836197052002
2023-06-07,175.5231475830078,178.86935913776645,175.02960596689772,176.135134367242,61944600,175.43538600921633,175.6109091567993
2023-06-08,178.2375946044922,178.5040961851235,175.16776569867469,175.60206959137867,50214900,178.14847580718995,178.32671340179442
2023-06-09,178.62257385253906,179.8761586114367,178.29683460490384,179.15559212759166,48900000,178.5332625656128,178.71188513946532
2023-06-12,181.41603088378906,181.51474523727245,178.63246384356634,178.92859184232086,54274900,181.32532286834717,181.50673889923095
2023-06-13,180.9422149658203,181.7713612206094,180.08345742062403,180.4388079672042,54929100,180.85174385833741,181.0326860733032
2023-06-14,181.57394409179688,182.00826309164242,179.668880824476,181.00143405215442,57462900,181.48315711975098,181.66473106384277
2023-06-15,183.60736083984375,184.1107829667957,181.40616927858855,181.58385210624687,65433200,183.51555715942385,183.69916452026365
2023-06-16,182.53143310546875,184.57470266619666,181.88983501651188,184.31805138125782,101256200,182.44016738891602,182.62269882202148
2023-06-20,182.62026977539062,183.69620198313194,182.02802885230534,182.02802885230534,49799100,182.52895964050293,182.71157991027832
2023-06-21,181.58383178710938,183.015099412311,180.23151756348105,182.51167734169172,49515700,181.49303987121584,181.6746237030029
2023-06-22,184.5845184326172,184.63387559426894,181.2975302809329,181.36663331958354,51245300,184.4922261734009,184.67681069183348
2023-06-23,184.26866149902344,185.13729942612093,182.6202345686034,183.1532678644832,53117000,184.17652716827394,184.36079582977294
2023-06-26,182.8769073486328,185.6209974197008,182.83741558637178,184.4167547195407,48088700,182.7854688949585,182.9683458023071
2023-06-27,185.630859375,185.9565986299679,183.27173119056016,183.48889069387212,50730800,185.53804394531252,185.72367480468748
2023-06-28,186.8054962158203,187.44709427325768,185.17681495512898,185.50253915791174,51216800,186.7120934677124,186.89889896392822
2023-06-29,187.14108276367188,187.61489349976054,186.49948476837957,186.6376758009822,46347300,187.04751222229004,187.2346533050537
2023-06-30,191.46453857421875,191.96794560784363,188.78953634841974,189.1547673916645,85213200,191.36880630493164,191.56027084350586
2023-07-03,189.97402954101562,191.37568580561538,189.28305928715224,191.27697146600818,31458200,189.87904252624512,190.06901655578613
2023-07-05,188.85861206054688,190.4872931571664,188.15777642969255,189.09551742767218,46920300,188.7641827545166,188.95304136657714
2023-07-06,189.33241271972656,189.53970680413252,186.75612514844465,187.3878577490578,45094300,189.23774651336672,189.4270789260864
2023-07-07,188.21697998046875,190.18128058071446,187.78267611051248,188.9375614178347,46815000,188.12287149047853,188.31108847045897
2023-07-10,186.1737823486328,187.5359621262765,184.6240543335807,186.81538047079187,59922200,186.08069545745852,186.2668692398071
2023-07-11,185.65060424804688,186.85484691926047,184.18972537508213,186.71665587805697,46638100,185.55777894592285,185.7434295501709
2023-07-12,187.3187713623047,189.22383458950753,186.0355602702456,187.22992243297554,60750200,187.22511197662354,187.41243074798584
2023-07-13,188.0788116455078,188.72042471252908,187.32863389417258,188.0393349477294,41342300,187.98477223968507,188.17285105133055
2023-07-14,188.22691345214844,188.71057462083735,187.18060758311253,187.77284851528793,41616200,188.13279999542237,188.3210269088745
2023-07-17,191.48423767089844,191.80997687013638,189.33238888669695,189.42122274239145,50520200,191.388495552063,191.57997978973387
2023-07-18,191.22760009765625,191.8198559679377,189.93452367795723,190.85251877072426,48288200,191.13198629760743,191.32321389770507
2023-07-19,192.57994079589844,195.66950100927124,190.16157487576123,190.6057743707706,80507300,192.4836508255005,192.67623076629638
2023-07-20,190.63539123535156,193.9322456468904,190.01352397351403,192.57006595398724,59581200,190.5400735397339,190.73070893096923
2023-07-21,189.46075439453125,192.45161532627134,188.75991868585442,191.59285775033445,71951700,189.36602401733398,189.55548477172852
2023-07-24,190.26026916503906,192.392372294224,189.76672761078473,190.91174763146105,45377800,190.16513903045654,190.35539929962158
2023-07-25,191.11904907226562,191.92846454581797,190.42809382758358,190.83280156435973,37283200,191.0234895477295,191.21460859680175
2023-07-26,191.98768615722656,193.11296042478057,190.8229351880455,191.1684052777898,47471900,191.89169231414795,192.08368000030518
2023-07-27,190.72422790527344,194.6528150463848,190.06288393124004,193.48806403406496,47460200,190.6288657913208,190.81959001922607
2023-07-28,193.30050659179688,194.09017617119656,191.63233355900982,192.15548645475204,48291400,193.203856338501,193.39715684509275
2023-07-31,193.91249084472656,193.95198260711592,192.7378594315981,193.52752900074864,38824100,193.81553459930421,194.0094470901489
2023-08-01,193.08331298828125,194.18884116722148,192.75757377948096,193.70518011978103,35175100,192.9867713317871,193.1798546447754
2023-08-02,190.09246826171875,192.65887532596588,189.37190180440743,192.52068429221174,50389300,189.9974220275879,190.1875144958496
2023-08-03,188.70069885253906,189.885195713569,188.22690312046603,189.09554118067888,61235200,188.6063485031128,188.79504920196533
2023-08-04,179.63926696777344,184.9596445164711,179.57016391801557,183.12366926443607,115956800,179.54944733428957,179.7290866012573
2023-08-07,176.5398406982422,180.7645556934903,175.0592158617292,179.77747246914834,97576100,176.45157077789307,176.6281106185913
2023-08-08,177.4775390625,177.9414693105031,175.2862134413724,177.36895932229305,67823000,177.38880029296877,177.56627783203123
2023-08-09,175.88836669921875,178.59296516430098,174.72360063232372,178.53374257918168,60378500,175.80042251586914,175.97631088256836
2023-08-10,175.6711883544922,178.41527829006225,175.30597241092943,177.1616784798233,54686900,175.58335276031494,175.75902394866944
2023-08-11,175.73049926757812,176.5508864753638,174.5048729038775,175.2659575562626,52036700,175.64263401794435,175.8183645172119
2023-08-14,177.3811798095703,177.60851131506328,175.25607590732963,175.90843422608452,43675600,177.29248921966553,177.4698703994751
2023-08-15,175.3944549560547,177.40093867304276,174.99909450146933,176.80789799116474,43622600,175.30675772857666,175.48215218353272
2023-08-16,174.524658203125,176.47182426987777,174.4554618287455,175.0781688700227,46964900,174.43739587402345,174.61192053222655
2023-08-17,171.9844207763672,175.4537562487029,171.47044012349116,175.08804707675128,66062900,171.898428565979,172.07041298675537
2023-08-18,172.46873474121094,173.07166917955516,169.96804315644715,170.30410101859755,61172200,172.38250037384034,172.55496910858153
2023-08-21,173.80308532714844,174.08973444525807,171.7274205434044,173.0420157807921,46311900,173.71618378448488,173.889986869812
2023-08-22,175.17697143554688,175.62175563939851,174.2083279343983,175.00894251773767,42038900,175.08938294982912,175.26455992126463
2023-08-23,179.0219268798828,179.44695366375947,176.264252478764,176.45205395893973,52722800,178.9324159164429,179.11143784332273
2023-08-24,174.33682250976562,179.00214733275968,173.9710983264249,178.57712060131817,54945800,174.24965409851075,174.4239909210205
2023-08-25,176.541015625,177.07475372946672,173.78334110152613,175.3252679389123,51449600,176.4527451171875,176.6292861328125
2023-08-28,178.10272216796875,178.49808262553688,176.48172016068384,178.00387451255935,43820700,178.0136708068848,178.1917735290527
2023-08-29,181.98716735839844,182.75813070921157,177.4206898063463,177.61837000977968,53003900,181.89617377471924,182.07816094207763
2023-08-30,185.47628784179688,185.67398314097,182.6000082560471,182.7976884731864,60813900,185.383549697876,185.56902598571776
2023-08-31,185.69374084472656,186.92926105598286,185.30825914209595,185.66408956621913,60794500,185.6008939743042,185.78658771514893
2023-09-01,187.26535034179688,187.7200133732383,186.09901131803056,187.29500162288934,45766500,187.171717666626,187.35898301696776
2023-09-05,187.50254821777344,187.7793035443977,185.43676200045883,186.09899903788357,45280000,187.40879694366456,187.59629949188232
2023-09-06,180.7912139892578,186.66240873519862,179.36789222272253,186.21760937163043,81755800,180.7008183822632,180.88160959625242
2023-09-07,175.50315856933594,176.14563807720947,171.5297216636145,173.1507234483217,112488800,175.41540699005128,175.5909101486206
2023-09-08,176.11595153808594,178.15210111956102,175.73046991034678,176.28399552635892,65551300,176.0278935623169,176.20400951385497
2023-09-11,177.28233337402344,178.21144703159865,175.2857283917044,177.9841155245434,58953100,177.19369220733643,177.37097454071045
2023-09-12,174.2577667236328,178.043402311121,172.79491507430095,177.4108165912451,90370200,174.170637840271,174.3448956069946
2023-09-13,172.19198608398438,175.24618840249718,171.96463950783718,174.46533118918654,84267900,172.10589009094238,172.27808207702637
2023-09-14,173.70425415039062,174.060084556446,171.56927171405846,171.98440467411754,60895800,173.61740202331544,173.79110627746581
2023-09-15,172.98269653320312,174.45544195430384,171.806494041059,174.43566940930017,109259500,172.89620518493652,173.06918788146973
2023-09-18,175.90838623046875,177.3020563269988,174.12923452022085,174.4356410488132,67257600,175.82043203735353,175.99634042358397
2023-09-19,176.9956512451172,177.5491617634896,175.0781218907339,175.46360350760258,51826900,176.90715341949465,177.08414907073973
2023-09-20,173.45713806152344,177.61836118650515,173.36816915467014,177.18345571133617,58436200,173.37040949249268,173.5438666305542
2023-09-21,171.9152069091797,174.25776334751873,171.846025624082,172.5280351536478,63149100,171.8292493057251,172.00116451263426
2023-09-22,172.76524353027344,175.0287248458324,172.03382526857388,172.6466384244914,56725400,172.6788609085083,172.85162615203856
2023-09-25,174.0403289794922,174.92001880772483,172.13267784152856,172.18210166869468,46172700,173.95330881500246,174.12734914398192
2023-09-26,169.968017578125,173.17047568238368,169.6714897694264,172.79488786792757,64588900,169.88303356933594,170.05300158691406
2023-09-27,168.45574951171875,171.0355161486817,167.09174554279588,170.6203831944849,66921800,168.3715216369629,168.5399773864746
2023-09-28,168.71275329589844,170.03722730338785,165.67830850769053,167.37838547451082,56294400,168.6283969192505,168.79710967254638
2023-09-29,169.22671508789062,171.06516950648842,168.3667828862352,170.027329658855,51861100,169.1421017303467,169.31132844543455
2023-10-02,171.7373046875,172.28093658205415,168.9499639274405,169.23661305458424,52164500,171.65143603515625,171.82317333984375
2023-10-03,170.4029541015625,171.61871693838452,168.84126971126884,170.26457643095287,49594600,170.31775262451174,170.48815557861326
2023-10-04,171.64833068847656,172.19196251916273,168.9894891655102,169.10809426237566,53020300,171.56250652313233,171.7341548538208
2023-10-05,172.8838653564453,173.41760341955526,170.67968657288918,171.77682905786853,48527900,172.7974234237671,172.97030728912353
2023-10-06,175.43399047851562,175.92819856079907,171.17390414032383,171.78673241813826,57266700,175.34627348327638,175.52170747375487
2023-10-09,176.9165802001953,176.97588274537105,173.76353083741722,174.761825539281,42390800,176.82812191009523,177.0050384902954
2023-10-10,176.3235626220703,177.63815795783916,175.8886570875863,176.03692856454262,43698000,176.2354008407593,176.41172440338133
2023-10-11,177.7172088623047,177.76663268122664,175.5426965680271,176.13573714899445,47551100,177.62835025787354,177.80606746673584
2023-10-12,178.61668395996094,180.227791982292,176.96601576479657,177.98409824545533,56743100,178.52737561798097,178.7059923019409
2023-10-13,176.77822875976562,179.82253713140665,176.07644667980117,179.31845034069394,51427100,176.68983964538575,176.8666178741455
2023-10-16,176.64971923828125,177.00554962273654,174.46531311220224,174.7025383958498,52517000,176.56139437866213,176.73804409790037
2023-10-17,175.09791564941406,176.35320838797153,172.77514673671925,174.60370757241088,57549400,175.01036669158935,175.18546460723877
2023-10-18,173.80308532714844,175.52293478970745,173.08154578913502,173.54610256783715,54764400,173.71618378448488,173.889986869812
2023-10-19,173.42750549316406,175.77992569036093,173.16062890788183,174.0007735918687,59302900,173.3407917404175,173.51421924591062
2023-10-20,170.87738037109375,173.38795063159753,170.64015507731645,173.2792242572037,64244000,170.79194168090822,170.96281906127928
2023-10-23,170.99598693847656,171.99428177951037,167.96154224302492,168.93020088937016,55980100,170.91048894500733,171.0814849319458
2023-10-24,171.43092346191406,171.6582549852611,169.46396961859497,171.04544171274492,43816600,171.3452080001831,171.51663892364502
2023-10-25,169.11801147460938,171.0552987076063,168.67321213575732,169.88897487497013,57157000,169.03345246887207,169.20257048034668
2023-10-26,164.956787109375,169.39478149468584,163.7509180796386,168.39647143119544,70625300,164.87430871582032,165.03926550292968
2023-10-27,166.27134704589844,167.00278034322866,164.8974493569631,164.9765244498122,58499100,166.1882113723755,166.35448271942138
2023-10-30,168.31735229492188,169.1871631923404,166.91380339901636,167.06207484672964,51131000,168.23319361877444,168.4015109710693
2023-10-31,168.79185485839844,168.92033872091713,165.95508983700142,167.38830552985596,44846000,168.70745893096924,168.87625078582764
2023-11-01,171.9547576904297,172.2117404582064,168.14934950515965,169.01916053768616,56934900,171.8687803115845,172.0407350692749
2023-11-02,175.51307678222656,175.72063574409248,173.4275179386151,173.4868204991482,77334800,175.42532024383547,175.60083332061765
2023-11-03,174.6037139892578,174.77175801380423,171.34195262679097,172.2216424329047,79829200,174.51641213226318,174.69101584625244
2023-11-06,177.15382385253906,177.35150406781844,174.16881791314302,174.33684685023218,63841300,177.0652469406128,177.24240076446532
2023-11-07,179.7138214111328,180.32663456302825,176.89682951103612,177.1043884447924,70530000,179.62396450042726,179.80367832183836
2023-11-08,180.77142333984375,181.32493395317235,179.4864793691692,180.23768527185777,49340300,180.68103762817384,180.86180905151366
2023-11-09,180.29696655273438,181.98714947029399,179.7039109186948,180.84059837026544,53763500,180.20681806945802,180.38711503601073
2023-11-10,184.48348999023438,184.65175539538808,181.6430032262288,182.07848170612579,66133400,184.39124824523927,184.57573173522948
2023-11-13,182.89996337890625,184.11731278262945,182.3160331472403,183.9094803756521,43627500,182.8085133972168,182.9914133605957
2023-11-14,185.5128173828125,186.17592689168708,184.38453902262373,185.7701387274506,60108400,185.4200609741211,185.6055737915039
2023-11-15,186.07693481445312,187.55162053928348,185.84930383072194,185.91859136162876,53790500,185.9838963470459,186.16997328186034
2023-11-16,187.7594451904297,188.99659293267834,186.71033121940587,187.62088524737388,54412900,187.66556546783448,187.8533249130249
2023-11-17,187.73968505859375,188.42259316852056,186.63120528706287,188.29392494435922,50922700,187.64581521606448,187.83355490112302
2023-11-20,189.4815673828125,189.93684445013852,187.92771748948175,187.93760923589429,46505100,189.3868265991211,189.5763081665039
2023-11-21,188.67987060546875,189.55082742435687,187.7891302966246,189.44195782199586,38134500,188.58553067016604,188.77421054077146
2023-11-22,189.343017578125,190.94635649331246,188.8679569924961,189.52117473642568,39617700,189.24834606933595,189.43768908691405
2023-11-24,188.0167999267578,188.93723076179566,187.30420149232032,188.90754041885276,24048300,187.92279152679444,188.11080832672118
2023-11-27,187.838623046875,188.7095799535061,186.95777439426936,187.9672912540552,40552600,187.74470373535158,187.93254235839842
2023-11-28,188.44235229492188,189.1153685705385,187.45263402635211,187.82873180101734,38415400,188.34813111877443,188.53657347106932
2023-11-29,187.4229736328125,190.11500896160672,187.02709230289176,188.93724161752115,43014200,187.3292621459961,187.5166851196289
2023-11-30,187.9969940185547,188.36320007044645,186.2550951920731,187.88812439803064,48794400,187.90299552154542,188.09099251556395
2023-12-01,189.27374267578125,189.5904446947665,187.28439912721964,188.37309535289532,45704800,189.17910580444337,189.36837954711913
2023-12-04,187.48233032226562,188.09596593756666,185.52269231677565,188.02667840765253,43389500,187.3885891571045,187.57607148742676
2023-12-05,191.43130493164062,192.40122460244103,188.22461231756913,188.25431775925796,66628400,191.33558927917483,191.52702058410642
2023-12-06,190.34263610839844,192.75753614335477,190.1347886146608,192.45072587794942,41089700,190.24746479034425,190.43780742645262
2023-12-07,192.27256774902344,192.99505783958267,191.5995514892092,191.63914867608756,47477700,192.17643146514894,192.36870403289794
2023-12-08,193.69778442382812,193.9749043529612,191.67875053796885,192.20330005396386,53406400,193.60093553161622,193.79463331604003
2023-12-11,191.19378662109375,191.50061200003438,189.45188773429211,191.12451418849048,60943700,191.09818972778322,191.28938351440428
2023-12-12,192.7080841064453,192.71797585416002,189.74882053401817,191.09483821655866,52696900,192.6117300643921,192.80443814849852
2023-12-13,195.92465209960938,195.96423418895137,192.8466274130704,193.08415015292962,70404200,195.8266897735596,196.02261442565916
2023-12-14,196.0731201171875,197.56758952005956,194.14317218582164,195.98404908233329,66831600,195.97508355712893,196.17115667724607
2023-12-15,195.53866577148438,196.36011872958818,194.9745190512041,195.4990685795855,128538400,195.44089643859866,195.6364351043701
2023-12-18,193.8759307861328,194.6083278162061,192.39135323196817,194.07387143964067,55751900,193.77899282073975,193.97286875152588
2023-12-19,194.91513061523438,194.92502236186388,193.87592334681435,194.1431515248431,40714100,194.81767304992678,195.01258818054197
2023-12-20,192.82681274414062,195.64750075817219,192.82681274414062,194.87552171417178,52242800,192.73039933776857,192.92322615051268
2023-12-21,192.6783447265625,195.0536776254948,191.51048442189503,194.08375795359612,46482500,192.58200555419924,192.77468389892576
2023-12-22,191.60943603515625,193.400823434399,190.9859087805623,193.17317739109953,37149600,191.51363131713867,191.70524075317383
2023-12-26,191.0651092529297,191.89646895007564,190.8473700319769,191.61934905102697,28919300,190.96957669830323,191.16064180755615
2023-12-27,191.1641082763672,191.51051576683653,189.1252907315366,190.51090559150927,48087700,191.06852622222902,191.25969033050535
2023-12-28,191.58969116210938,192.65858885458314,191.18390299052217,192.14393105407996,34049900,191.49389631652832,191.68548600769043
2023-12-29,190.5504608154297,192.40122918172025,189.758683164504,191.9063700376295,42672100,190.45518558502198,190.6457360458374
2024-01-02,183.73129272460938,186.50250680575422,181.99928581163158,185.2257618242656,82488700,183.63942707824708,183.82315837097167
2024-01-03,182.35560607910156,183.96885182302105,181.5440297827802,182.32591573673892,58414500,182.26442827606203,182.4467838821411
2024-01-04,180.03965759277344,181.2075179249861,179.0202489631632,180.27718031693732,71983600,179.94963776397705,180.12967742156982
2024-01-05,179.317138671875,180.8808952614232,178.31752871293088,180.1188231104021,62379700,179.22748010253906,179.40679724121094
2024-01-08,183.6521453857422,183.69174257913158,179.63389106527006,180.21782130157615,59144500,183.56031931304932,183.74397145843506
2024-01-09,183.23646545410156,183.24635720149604,180.85124046635073,182.02900778818224,42841800,183.14484722137453,183.3280836868286
2024-01-10,184.27566528320312,184.48349768333688,182.02900036017593,182.4545871112419,46792900,184.18352745056154,184.3678031158447
2024-01-11,183.6818084716797,185.12680377786887,181.73206228896322,184.6220377994394,49128400,183.58996756744386,183.7736493759155
2024-01-12,184.00843811035156,184.82001442518902,183.28594792653803,184.14699807850627,40477800,183.9164338912964,184.10044232940672
2024-01-16,181.74200439453125,182.36551675075452,179.0697524893553,180.28711706016838,65603000,181.651133392334,181.8328753967285
2024-01-17,180.80172729492188,181.04915686376333,178.44620806884475,179.40623600410183,47317400,180.71132643127441,180.89212815856934
2024-01-18,186.69056701660156,187.1953179109023,183.91935276727983,184.17667408756796,78005800,186.59722173309328,186.78391230010985
2024-01-19,189.59043884277344,189.97642838325277,186.8786203129096,187.38337121910467,68903000,189.49564362335207,189.6852340621948
2024-01-22,191.896484375,193.32168117146784,190.2832386815117,190.32283587135973,60133900,191.8005361328125,191.9924326171875
2024-01-23,193.17320251464844,193.7373491711095,191.83709192633378,193.01485907067706,42355600,193.07661591339112,193.26978911590575
2024-01-24,192.50022888183594,194.36090430723632,192.34187031331157,193.4107679979945,53631300,192.40397876739502,192.59647899627686
2024-01-25,192.17359924316406,194.2520137003454,191.124500268323,193.21280647175473,54822100,192.0775124435425,192.26968604278562
2024-01-26,190.44158935546875,192.7575265029299,189.96652881027472,192.27257421163478,44594000,190.34636856079103,190.53681015014647
2024-01-29,189.75868225097656,190.22385105233468,187.63079398239137,190.03580216218106,47145600,189.66380290985109,189.85356159210204
2024-01-30,186.10665893554688,189.82801013757918,185.54252724705296,188.97685162880646,55859400,186.01360560607912,186.19971226501463
2024-01-31,182.5040740966797,185.17632596329628,182.45460025625744,185.1169301713608,55467800,182.41282205963137,182.595326133728
2024-02-01,184.93875122070312,185.02782223798647,181.93001441121828,182.0982647000541,64885400,184.8462818450928,185.03122059631346
2024-02-02,183.9391632080078,185.40394215196616,177.40701599262258,178.01074479617154,102551700,183.84719362640382,184.0311327896118
2024-02-05,185.7502899169922,187.30415461768632,183.92921219668443,186.21545864255668,69668800,185.6574147720337,185.84316506195069
2024-02-06,187.35366821289062,187.36355995873058,184.8496822422945,184.93875326056028,43490800,187.25999137878418,187.44734504699707
2024-02-07,187.4625701904297,189.085707800641,186.67079243137192,188.679919622612,53439000,187.36883890533448,187.5563014755249
2024-02-08,186.38375854492188,187.59120098390878,185.42373058041275,187.44274927884152,40962000,186.29056666564944,186.4769504241943
2024-02-09,187.1468048095703,188.2765227675386,186.30446474496694,186.9485964735415,45155200,187.05323140716553,187.2403782119751
2024-02-12,185.46214294433594,186.9684387436886,185.10538907399385,186.72069342042812,41781900,185.3694118728638,185.55487401580808
2024-02-13,183.3711395263672,184.53060074172208,181.85493962465304,184.094566630165,56529500,183.27945395660402,183.46282509613036
2024-02-14,182.4891815185547,183.85674041023526,180.79461213824646,183.64864282656313,54630500,182.39793692779543,182.58042610931395
2024-02-15,182.20181274414062,182.82613576875198,179.71445525689393,181.8946109768474,65434500,182.11071183776858,182.29291365051267
2024-02-16,180.66578674316406,183.18288755084293,180.03155935687485,181.76577652013776,49752500,180.5754538497925,180.75611963653563
2024-02-20,179.9225311279297,180.78467987026374,178.37660298808711,180.1504525533752,53665600,179.83256986236574,180.01249239349363
2024-02-21,180.6757049560547,181.24055639365764,179.03067248659073,180.2991272502037,41371400,180.58536710357666,180.76604280853272
2024-02-22,182.7072296142578,183.29192011230285,180.81446669725386,181.8252568033474,52292200,182.61587599945068,182.79858322906495
2024-02-23,180.8739013671875,183.3711632214272,180.58650833781007,183.34143499372246,45119700,180.7834644165039,180.9643383178711
2024-02-26,179.52618408203125,181.11174516126204,179.02077391854948,180.59644574912906,40867400,179.43642098999024,179.61594717407226
2024-02-27,180.98291015625,182.26126931281985,177.94059046680667,179.46671005654383,54318900,180.8924187011719,181.0734016113281
2024-02-28,179.7838134765625,181.46847854843006,178.50545433930714,180.8639793914523,48953900,179.69392156982423,179.87370538330077
2024-02-29,179.11984252929688,180.9234354771045,177.9108443188521,179.63515696026653,136682600,179.03028260803222,179.20940245056153
2024-03-01,178.03968811035156,178.90183692569335,175.78025215753124,177.93067957222544,73563100,177.9506682662964,178.12870795440674
2024-03-04,173.52081298828125,175.30456703921072,172.22261492332544,174.56133114426578,81510100,173.4340525817871,173.6075733947754
2024-03-05,168.58572387695312,170.48840604509627,168.0902332564625,169.21995126633416,95132400,168.50143101501465,168.6700167388916
2024-03-06,167.59474182128906,169.69563232435493,167.15870765798908,169.5172478388351,68587700,167.51094445037842,167.6785391921997
2024-03-07,167.47581481933594,169.1902079797121,166.97041987504164,167.62445594378354,71765100,167.39207691192627,167.5595527267456
2024-03-08,169.19020080566406,172.13341591430694,167.41635127072408,167.47580771798204,76267000,169.10560570526124,169.27479590606688
2024-03-11,171.19198608398438,172.80729012575145,170.4983023339276,171.38027491353657,60139500,171.1063900909424,171.27758207702635
2024-03-12,171.6676788330078,172.4604668624585,169.4676992338398,171.58839851794536,59825400,171.58184499359132,171.7535126724243
2024-03-13,169.5866241455078,171.62804307697533,169.21995080494636,171.21183277143888,52488700,169.50183083343506,169.67141745758056
2024-03-14,171.43972778320312,172.7379105857579,170.49829877625797,171.35054311459356,72913500,171.35400791931153,171.52544764709472
2024-03-15,171.06317138671875,171.06317138671875,168.75418335618096,169.62625165850892,121752700,170.9776398010254,171.1487029724121
2024-03-18,172.15325927734375,176.107279800922,171.95506605696912,173.98658058844927,75604200,172.0671826477051,172.2393359069824
2024-03-19,174.49195861816406,175.0171774056643,171.4694631572472,172.76764601394297,55215200,174.404712638855,174.57920459747314
2024-03-20,177.05860900878906,177.05860900878906,173.51089450186836,174.1352174960067,53423100,176.97007970428467,177.14713831329345
2024-03-21,169.8244171142578,175.8892314017456,169.29919836926217,175.4531973218615,106181300,169.7395049057007,169.90932932281493
2024-03-22,170.7262725830078,171.48933248689517,168.5262926884995,170.21095802650942,71160100,170.6409094467163,170.81163571929932
2024-03-25,169.3091583251953,170.38932429506946,167.92177545566648,169.0316847755244,54288300,169.22450374603272,169.3938129043579
2024-03-26,168.17945861816406,169.87402832990531,168.0506261984825,168.4668365684045,57388400,168.09536888885498,168.26354834747315
2024-03-27,171.7469482421875,172.0343412561863,168.575811446925,168.87310882923745,60273300,171.6610747680664,171.8328217163086
2024-03-28,169.93344116210938,170.67667701496117,168.97218824939392,170.2010103030642,65672700,169.84847444152834,170.0184078826904
2024-04-01,168.4965362548828,169.70553455748254,167.9514935576168,169.6460781034487,46240500,168.4122879867554,168.58078452301024
2024-04-02,167.31724548339844,167.81273603395658,166.71274640687062,167.5550863912881,49329500,167.23358686065674,167.40090410614013
2024-04-03,168.1199493408203,169.14065873561202,167.05960735256843,167.26770493028647,47691700,168.03588936614992,168.2040093154907
2024-04-04,167.29745483398438,170.3694875068381,167.29745483398438,168.7541832986243,53704400,167.2138061065674,167.38110356140135
2024-04-05,168.05059814453125,168.85329051832247,167.42627513328318,168.06050251317026,42104800,167.96657284545898,168.13462344360352
2024-04-08,166.93080139160156,167.67403738632925,166.72270378093583,167.50557237539863,37425500,166.84733599090578,167.01426679229735
2024-04-09,168.13978576660156,168.5460917055098,166.83169838821917,167.17853275073267,42373800,168.05571587371827,168.22385565948485
2024-04-10,166.26683044433594,167.5650134431552,165.60287483124418,167.27763553824258,49709300,166.18369702911377,166.3499638595581
2024-04-11,173.4613494873047,173.87757491447604,166.64340884278624,166.8217782077108,91070300,173.37461881256104,173.54808016204834
2024-04-12,174.95774841308594,176.7514221146486,172.63885584160187,172.68839280877705,101670900,174.8702695388794,175.04522728729248
2024-04-15,171.13255310058594,175.0370216134587,170.94426424521788,173.77847120218846,73531800,171.04698682403566,171.21811937713622
2024-04-16,167.85240173339844,172.19288913903023,166.7524119884344,170.20102235595408,73711200,167.76847553253174,167.93632793426514
2024-04-17,166.48483276367188,169.1109267558204,166.48483276367188,168.08031301583728,50901200,166.40159034729004,166.5680751800537
2024-04-18,165.5334930419922,167.11906901091456,165.0479219314042,166.51456987389489,43122900,165.4507262954712,165.61625978851316
2024-04-19,163.5119171142578,164.89928490796945,162.60021611822233,164.71101115974596,68149400,163.4301611557007,163.59367307281494
2024-04-22,164.34429931640625,165.751490640931,163.28395741969712,164.02719323258373,48116400,164.26212716674806,164.42647146606444
2024-04-23,165.39474487304688,165.54340111554177,163.4326064657252,163.85873621547074,49537800,165.31204750061036,165.4774422454834
2024-04-24,167.49566650390625,167.77314006308927,164.71101142134987,165.03802194946388,48251800,167.4119186706543,167.5794143371582
2024-04-25,168.35780334472656,169.07131105182287,166.63349053238153,168.0010494911784,50558300,168.27362444305422,168.4419822463989
2024-04-26,167.7731170654297,169.79471202253325,167.6541890412428,168.3478879652858,44838400,167.689230506897,167.85700362396238
2024-04-29,171.9352264404297,174.4424074952563,171.5388400360099,171.80639405446584,68169400,171.8492588272095,172.02119405364988
2024-04-30,168.7938232421875,173.4117990890393,168.46679764398493,171.76676673002254,65934800,168.7094263305664,168.8782201538086
2024-05-01,167.7731170654297,171.15236652369296,167.58482822154218,168.05059058657778,50383100,167.689230506897,167.85700362396238
2024-05-02,171.46946716308594,171.85594920671264,169.34876810707777,170.95415273119292,94214900,171.3837324295044,171.55520189666748
2024-05-03,181.72613525390625,185.31348231884328,181.01262758822543,184.9666328542693,163224100,181.6352721862793,181.8169983215332
2024-05-06,180.07119750976562,182.53873097916653,178.79282331517493,180.7054248623681,78569700,179.98116191101076,180.1612331085205
2024-05-07,180.75497436523438,183.23242749590466,179.68472791941784,181.79550770435065,77305800,180.66459687805178,180.84535185241697
2024-05-08,181.0919189453125,181.4189445721307,179.81354466582562,181.20092748758523,45057100,181.00137298583985,181.18246490478515
2024-05-09,182.90541076660156,182.99459544718977,180.4675903156434,180.91352883975787,48983000,182.81395806121827,182.99686347198485
2024-05-10,181.64517211914062,183.66950932429603,180.7322345449188,183.4809650708303,50759500,181.55434953308105,181.7359947052002
2024-05-13,184.85035705566406,185.6640710757596,183.2030934113359,184.01680743143146,72044800,184.75793187713623,184.9427822341919
2024-05-14,185.99154663085938,186.8548800445926,184.8602962551219,186.0709344816443,52393600,185.89855085754397,186.08454240417478
2024-05-15,188.2639923095703,189.18684774302332,185.9320213621053,186.46788560358823,70400000,188.16986031341554,188.35812430572508
2024-05-16,188.38304138183594,189.6333810173086,188.2044300863017,189.00821119957226,52845200,188.28884986114502,188.47723290252685
2024-05-17,188.4127960205078,189.34558420614056,187.7280891548122,188.05555831413108,41282900,188.31858962249757,188.50700241851806
2024-05-20,189.57383728027344,190.44708847543168,187.55941793463836,187.8769693298537,44361300,189.4790503616333,189.66862419891356
2024-05-21,190.873779296875,191.25085261805762,189.4547462309282,189.62343971650407,42309400,190.77834240722657,190.96921618652343
2024-05-22,189.4348907470703,191.34016861791716,188.80973611420333,190.79438668312676,34648500,189.34017330169678,189.52960819244385
2024-05-23,185.44577026367188,189.5341459487459,185.19768892080702,189.51429520164533,51005900,185.35304737854005,185.5384931488037
2024-05-24,188.52195739746094,189.11735863774422,186.59684388111853,187.37087155015982,36327000,188.42769641876222,188.61621837615965
2024-05-28,188.53192138671875,191.51881559867596,187.6487523245995,190.04024519822877,52280100,188.4376554260254,188.6261873474121
2024-05-29,188.82958984375,190.7745542503335,188.05557725890648,188.15481585355153,53068000,188.73517504882813,188.92400463867187
2024-05-30,189.82192993164062,190.70509898235173,189.16700663796175,189.29599865097472,49889100,189.72701896667482,189.91684089660643
2024-05-31,190.77455139160156,191.09210277636024,188.45251367186646,189.9707702687458,75158300,190.67916411590576,190.86993866729736
2024-06-03,192.5408935546875,193.49353258818425,191.04248767189634,191.41956102246726,50080500,192.44462310791016,192.63716400146484
2024-06-04,192.8584442138672,193.82100104656786,191.548567440495,193.1462119125533,47471400,192.76201499176025,192.95487343597412
2024-06-05,194.36676025390625,195.38885414673365,193.3744349100596,193.90036613096368,54156800,194.2695768737793,194.4639436340332
2024-06-06,192.98741149902344,194.99191275531385,192.67979309240934,194.1881317208236,41181800,192.89091779327393,193.08390520477295
2024-06-07,195.3789520263672,195.4285713258788,192.65005711175448,193.15613762673084,53103900,195.281262550354,195.47664150238037
2024-06-10,191.6378631591797,195.7857909182053,190.6753063763642,195.3888517006261,97010200,191.54204422760012,191.73368209075926
2024-06-11,205.56019592285156,205.57012886730556,192.14396771907968,192.1638033246204,172373300,205.45741582489015,205.66297602081298
2024-06-12,211.4347686767578,218.51003809526938,205.3121079690946,205.77850209290926,198134300,211.32905129241945,211.54048606109617
2024-06-13,212.59579467773438,215.08652592836702,209.9760562824749,213.09195736730385,97862700,212.4894967803955,212.70209257507324
2024-06-14,210.85922241210938,213.5186471242216,209.67835280423736,212.20878551515116,70122700,210.75379280090334,210.9646520233154
2024-06-17,215.00714111328125,217.26964179829142,211.08745883873982,211.7324642876032,93728300,214.89963754272463,215.11464468383787
2024-06-18,212.64540100097656,216.95210469802018,211.36530791117931,215.92007781385274,79943300,212.5390783004761,212.75172370147703
2024-06-20,208.0707550048828,212.59577094768608,207.2471383568116,212.28813739547695,86172500,207.96671962738037,208.17479038238525
2024-06-21,205.8975830078125,210.26380829361358,205.52049454653314,208.77532033595196,241805100,205.7946342163086,206.0005317993164
2024-06-24,206.5426025390625,211.06760381745957,205.00449518251241,206.12582769938734,80727000,206.43933123779297,206.64587384033203
2024-06-25,207.46548461914062,209.75775393646785,207.0090082596573,207.54485732874397,55549700,207.36175187683108,207.56921736145017
2024-06-26,211.61337280273438,213.21101716086312,209.02340313251779,209.87680350658064,66213200,211.507566116333,211.71917948913574
2024-06-27,212.4568634033203,214.0842763709762,210.7202940415425,213.04233172557286,49772700,212.35063497161866,212.56309183502196
2024-06-28,209.00355529785156,214.41174043740799,208.68601906723538,214.1140398112984,82542700,208.89905352020264,209.10805707550048
2024-07-01,215.0865020751953,215.84066382869798,210.29356920849017,210.4622626872336,60402900,214.97895882415773,215.1940453262329
2024-07-02,218.5795135498047,218.6886699462021,213.44919320249295,214.4911227279333,58046200,218.4702237930298,218.6888033065796
2024-07-03,219.84970092773438,219.84970092773438,217.34903661716913,218.31159349071294,37369800,219.73977607727053,219.95962577819822
2024-07-05,224.60292053222656,224.71207692855523,219.94891212590596,219.94891212590596,60412400,224.49061907196045,224.71522199249267
2024-07-08,226.0715789794922,226.10134753003678,221.53664465186893,225.34717053841655,59085900,225.95854319000244,226.18461476898193
2024-07-09,226.9249267578125,227.63940213609902,224.63265789484376,226.18068283390414,48076100,226.81146429443362,227.03838922119138
2024-07-10,231.1919403076172,231.29117889263895,227.49057123987387,227.54019053238477,62627700,231.07634433746338,231.307536277771
2024-07-11,225.82347106933594,230.6064710416972,224.0372825383305,229.61414576243664,64710600,225.71055933380129,225.9363828048706
2024-07-12,228.77066040039062,230.8545495178413,226.92493479803437,227.16309831312876,53046500,228.65627507019045,228.8850457305908
2024-07-15,232.60105895996094,235.409341553401,231.30111515749465,234.66509753137677,62631300,232.48475843048098,232.7173594894409
2024-07-16,233.01785278320312,234.4567215545301,230.54695713829173,233.19646408342908,43234300,232.90134385681154,233.1343617095947
2024-07-17,227.12342834472656,229.6836295353235,224.9006141352506,227.68904591405493,57345900,227.0098666305542,227.23699005889893
2024-07-18,222.45947265625,228.6714385621368,220.5641428905974,228.5126628842939,66034600,222.3482429199219,222.5707023925781
2024-07-19,222.58851623535156,225.05941202320642,221.56642224710646,223.09461189863717,49151500,222.4772219772339,222.69981049346922
2024-07-22,222.2412109375,226.03188622300922,221.3778775132773,225.26779139889447,48201800,222.13009033203127,222.35233154296873
2024-07-23,223.2831268310547,225.19832267550643,220.97100689389265,222.64803919770813,39960300,223.17148526763918,223.3947683944702
2024-07-24,216.86277770996094,223.0747441599071,215.46361045876344,222.280880842846,61777600,216.75434632110597,216.9712090988159
2024-07-25,215.82086181640625,219.15507584516317,212.97287755450526,217.24979770728694,51391200,215.71295138549806,215.92877224731444
2024-07-26,216.2872314453125,217.80548795978973,214.35218497553956,217.02154248476683,41601300,216.17908782958986,216.39537506103514
2024-07-29,216.56509399414062,217.61695646267233,214.0941983741811,215.29491873308154,36311800,216.45681144714356,216.67337654113769
2024-07-30,217.1208038330078,218.63906050664175,214.4613638470993,217.50781013919521,41643800,217.01224343109132,217.2293642349243
2024-07-31,220.37559509277344,222.1022464925354,218.93672649714605,219.74050753338085,50036300,220.26540729522705,220.48578289031983
2024-08-01,216.6841583251953,222.7571844619209,215.35444602521784,222.64802807062824,62501000,216.57581624603273,216.7925004043579
2024-08-02,218.17263793945312,223.86859053089324,216.03914463167754,217.46808032420208,105568600,218.06355162048342,218.28172425842283
2024-08-05,207.66392517089844,211.8614570593827,194.49576385779395,197.56204548052773,119548600,207.560093208313,207.76775713348388
2024-08-06,205.63958740234375,208.37841518370308,199.52687447574846,203.72440665766518,69660500,205.53676760864258,205.74240719604492
2024-08-07,208.20970153808594,212.00037630720823,204.80601788828693,205.31209833985366,63516400,208.1055966873169,208.31380638885497
2024-08-08,211.6729278564453,212.55609685346144,207.22731432081122,211.4744658055274,47161100,211.5670913925171,211.7787643203735
2024-08-09,214.58045959472656,215.11630867247783,210.34322570654538,210.47223285968454,42201600,214.47316936492922,214.6877498245239
2024-08-12,216.11038208007812,218.07745621052726,214.19298467780987,214.65991863613397,38028100,216.0023268890381,216.21843727111815
2024-08-13,219.82598876953125,220.44193777769505,217.58072790378117,217.58072790378117,44155300,219.7160757751465,219.935901763916
2024-08-14,220.2730255126953,221.574473844181,218.2662040703635,219.1305366370634,41960600,220.16288899993899,220.38316202545164
2024-08-15,223.2534637451172,223.87935717471936,221.30624816369337,223.13425172393934,46414000,223.14183701324464,223.36509047698974
2024-08-16,224.57481384277344,225.34972239527664,222.19046700804645,222.4587092482856,44340200,224.46252643585206,224.68710124969482
2024-08-19,224.41583251953125,224.51518597934856,221.58442566604344,224.2469437652095,40687800,224.3036246032715,224.528040435791
2024-08-20,225.03179931640625,225.68749582093912,223.97871925960482,224.2966382287883,30299000,224.91928341674807,225.14431521606443
2024-08-21,224.92250061035156,226.4921913011218,223.58131984717622,225.04172779494317,34765500,224.8100393600464,225.03496186065672
2024-08-22,223.06471252441406,226.84984597984075,222.43881906323927,226.30343225653021,43695300,222.95318016815187,223.17624488067625
2024-08-23,225.35964965820312,226.73064869689995,222.8660352522939,224.18735755669383,38677300,225.24696983337404,225.4723294830322
2024-08-26,225.69740295410156,225.79675641202357,222.4288803537143,225.28014571740593,30602200,225.5845542526245,225.8102516555786
2024-08-27,226.5418701171875,227.35652605602343,223.4223624308928,224.52511915345738,35934600,226.42859918212892,226.65514105224608
2024-08-28,225.01193237304688,228.35993491185639,224.20720569696516,226.43259292076607,38052200,224.89942640686036,225.1244383392334
2024-08-29,228.29039001464844,231.3999685703833,227.38634017099784,228.59837969678284,51906300,228.1762448196411,228.40453520965576
2024-08-30,227.5055389404297,228.89639643358683,225.99545426270925,228.68777538921813,52990800,227.39178617095948,227.6192917098999
2024-09-03,221.31619262695312,227.50553099413642,219.7266282681139,227.05847075546578,50190600,221.20553453063965,221.4268507232666
2024-09-04,219.4087371826172,220.33266071869627,216.06071952153204,220.21344869061124,43840200,219.29903281402588,219.5184415512085
2024-09-05,220.92874145507812,224.00850159902006,220.07435325324454,220.1836359939166,36615400,220.8182770843506,221.03920582580565
2024-09-06,219.37893676757812,223.77009004470926,218.33578603187902,222.48850009081283,48423000,219.26924729919435,219.4886262359619
2024-09-09,219.4683380126953,219.82598924771256,215.2957503769675,219.37892899374344,67180000,219.35860384368897,219.57807218170166
2024-09-10,218.67355346679688,220.03460793809228,215.31560663834654,217.49131703149231,51591000,218.5642166900635,218.78289024353026
2024-09-11,221.20692443847656,221.63411098197892,216.4680492147489,220.01475867053273,44587100,221.09632097625735,221.31752790069578
2024-09-12,221.31619262695312,222.09110108310472,218.38544755210194,221.04795042006705,37455600,221.20553453063965,221.4268507232666
2024-09-13,221.04795837402344,222.57790161811045,220.46181236980377,222.12091208096655,36766600,220.93743439483643,221.15848235321045
2024-09-16,214.90830993652344,215.80243050187988,212.52396316355507,215.12686027714844,59357400,214.80085578155519,215.0157640914917
2024-09-17,215.37521362304688,215.48449636527135,213.10016491936787,214.34200737227792,45519300,215.26752601623537,215.48290122985838
2024-09-18,219.24974060058594,221.25656196924635,216.12028896008155,216.1302334002124,59894900,219.14011573028566,219.35936547088622
2024-09-19,227.37637329101562,228.32018565098164,223.16405353373213,223.52170475455895,66781300,227.26268510437012,227.49006147766113
2024-09-20,226.7107391357422,231.56882586153637,226.13452245924367,228.46919216926284,318679900,226.59738376617432,226.82409450531006
2024-09-23,224.9920196533203,227.95256742425389,224.33632328684277,225.85633703509038,54146000,224.87952364349366,225.10451566314697
2024-09-24,225.88616943359375,227.85325878901892,224.25687274556688,227.15781488965328,43556100,225.77322634887696,225.99911251831054
2024-09-25,224.89271545410156,225.80670975939722,222.55806053621265,223.46211039913067,42308700,224.78026909637452,225.0051618118286
2024-09-26,226.0352020263672,227.00880227293717,223.9389713421174,225.81663654010723,36636700,225.922184425354,226.14821962738037
2024-09-27,226.30340576171875,228.0221264682928,225.81661326820586,226.96904659349977,34026000,226.1902540588379,226.4165574645996
2024-09-30,231.47943115234375,231.47943115234375,228.1512873446241,228.5387415800987,54541900,231.3636914367676,231.5951708679199
2024-10-01,224.7337646484375,228.15130254219565,222.27988260723768,228.02216122790813,63285000,224.6213977661133,224.8461315307617
2024-10-02,225.30001831054688,225.8861642954019,221.56456176324298,224.41582711263038,32880600,225.18736830139161,225.41266831970214
2024-10-03,224.19728088378906,225.32984066329956,221.86262602596847,223.67074086449446,34044200,224.0851822433472,224.30937952423093
2024-10-04,225.3199005126953,226.5120662505933,222.66732681912907,226.41271278943105,37245100,225.20724056243898,225.43256046295164
2024-10-07,220.24325561523438,224.2171516536621,219.8856043654075,223.0349151567562,39505400,220.13313398742676,220.353377243042
2024-10-08,224.29661560058594,224.5052366387564,221.79305702807565,222.83620769655573,31855700,224.18446729278565,224.40876390838622
2024-10-09,228.04200744628906,228.25064364916537,223.36275355639287,223.7601370790405,33591100,227.92798644256592,228.1560284500122
2024-10-10,227.54527282714844,228.00227752622936,225.68748134269669,226.29350107451606,28183500,227.43150019073488,227.659045463562
2024-10-11,226.06500244140625,227.91286461183438,225.85636623992795,227.80358186995707,31759200,225.95196994018556,226.17803494262694
2024-10-14,229.79054260253906,230.21772915238438,227.1081657950345,227.2075041009655,39882100,229.6756473312378,229.90543787384033
2024-10-15,232.3238983154297,235.9401430278398,230.85354589755886,232.08545910083197,64751400,232.20773636627197,232.4400602645874
2024-10-16,230.2673797607422,230.60515724916505,228.34003796565733,230.0885617348273,34082200,230.15224607086182,230.38251345062255
2024-10-17,230.63499450683594,232.32391251820164,229.0156421145612,231.9066400773438,32993800,230.51967700958252,230.75031200408935
2024-10-18,233.4663848876953,234.63867690560429,232.4828401919167,234.63867690560429,46431500,233.34965169525148,233.58311808013914
2024-10-21,234.93670654296875,235.3043021987925,232.91995571367772,232.91995571367772,36254500,234.81923818969727,235.05417489624023
2024-10-22,234.32078552246094,234.67843677993508,231.0820656392084,232.36364046895116,38846600,234.20362512969973,234.43794591522214
2024-10-23,229.25404357910156,233.60546433739609,226.27362172475395,232.55238437433343,52287000,229.13941655731202,229.3686706008911
2024-10-24,229.06527709960938,229.31364556669442,226.9193699057847,228.47911599629046,31109500,228.95074446105957,229.17980973815918
2024-10-25,229.89981079101562,231.69799621804017,228.07182235817814,228.2407111108546,38802300,229.78486088562013,230.01476069641112
2024-10-28,231.8768310546875,233.1981533252385,231.03238723011694,231.79736647290133,36087100,231.76089263916018,231.99276947021482
2024-10-29,232.1450653076172,232.80076177889833,230.80388451731673,231.5787930163908,35417200,232.0289927749634,232.26113784027098
2024-10-30,228.59835815429688,231.94636045913163,228.05194445904854,231.09197226998216,47070900,228.48405897521974,228.712657333374
2024-10-31,224.4357147216797,228.33013097812315,223.89923027313517,227.84332326136388,64370100,224.32349686431886,224.54793257904052
2024-11-01,221.45530700683594,223.87938614586878,218.83253608705854,219.52796489927013,65276700,221.34457935333253,221.56603466033934
2024-11-04,220.56114196777344,221.33605042122997,218.2761640538016,219.54780947276666,44944500,220.45086139678958,220.6714225387573
2024-11-05,221.9917449951172,222.4884819564664,219.6968226591573,220.35251908634842,28111300,221.88074912261965,222.10274086761473
2024-11-06,221.2665252685547,224.5946691536601,219.74651129717958,221.15724252476647,54561100,221.15589200592044,221.37715853118894
2024-11-07,225.9954376220703,226.39283627600352,223.1044401056504,223.16404611393824,42137700,225.8824399032593,226.10843534088133
2024-11-08,225.7269287109375,227.4176895436531,225.17991383614745,225.9357792784742,38328800,225.61406524658204,225.83979217529296
2024-11-11,223.0117645263672,224.47377929839286,220.29660073941466,223.7775854012113,42005600,222.900258644104,223.12327040863036
2024-11-12,223.0117645263672,224.36437631627228,222.14649605243358,223.33003326558662,40398300,222.900258644104,223.12327040863036
2024-11-13,223.8969268798828,225.41861323491412,221.54974806168275,222.79295685996902,48566200,223.7849784164429,224.00887534332273
2024-11-14,226.98007202148438,227.62653447284012,223.77756520755418,223.7974607959322,44923900,226.86658198547366,227.0935620574951
2024-11-15,223.77755737304688,225.6871240415238,223.05152776948486,225.1699449930133,47923700,223.66566859436037,223.88944615173338
2024-11-18,226.78115844726562,228.49181480220403,223.94663659117114,224.02620376766677,44633700,226.667767868042,226.89454902648924
2024-11-19,227.03973388671875,228.90952454109907,225.42854034251505,225.7467938634959,36211800,226.92621401977541,227.15325375366209
2024-11-20,227.75584411621094,228.68078414631773,224.6627401240164,226.82094870348703,35169600,227.64196619415284,227.86972203826903
2024-11-21,227.27845764160156,228.90954693288327,224.48372676835862,227.63650237265796,42108300,227.16481841278076,227.39209687042236
2024-11-22,228.62110900878906,229.46649702017746,226.82094518602503,226.82094518602503,38168300,228.50679845428468,228.73541956329345
2024-11-25,231.60479736328125,231.982737654973,228.4918131754458,230.2024695182051,90152800,231.4889949645996,231.7205997619629
2024-11-26,233.7829132080078,234.29015208323423,232.06231657216094,232.06231657216094,45986200,233.66602175140383,233.8998046646118
2024-11-27,233.65362548828125,234.4095061449918,232.53971526898803,233.19613315216662,33498400,233.5367986755371,233.7704523010254
2024-11-29,236.0405731201172,236.51796100091357,232.69882760276832,233.53426018813377,28481400,235.92255283355715,236.15859340667723
2024-12-02,238.2882843017578,239.4817615684827,235.8714939748314,235.98089694287458,48137100,238.16914015960694,238.40742844390869
2024-12-03,241.33168029785156,241.441083276618,237.60205398884364,238.50711361537608,38861000,241.21101445770265,241.45234613800048
2024-12-04,241.68971252441406,242.78374225546824,239.9392801306149,241.55047375645148,44383900,241.56886766815188,241.81055738067624
2024-12-05,241.71954345703125,243.21139387343032,240.81449907142343,242.66439419479377,40033900,241.59868368530275,241.84040322875975
2024-12-06,241.5206298828125,243.30091318780651,240.76476447856876,241.59025685240857,36870600,241.3998695678711,241.6413901977539
2024-12-09,245.40939331054688,245.89673657618508,240.43655859300793,240.51612576959502,44649200,245.2866886138916,245.53209800720214
2024-12-10,246.4238739013672,246.861485816723,244.0070681600661,245.54865007065558,36914800,246.30066196441652,246.54708583831786
2024-12-11,245.15081787109375,249.43739908317045,244.92205654138039,246.61283253090062,45205800,245.0282424621582,245.2733932800293
2024-12-12,246.6128387451172,247.3885997871069,244.34521203481492,245.54864477609476,32777500,246.48953232574465,246.73614516448973
2024-12-13,246.7819061279297,247.9355922748061,244.90217516923994,246.47359279661413,33155300,246.65851517486573,246.90529708099365
2024-12-16,249.67608642578125,250.01425073054844,246.3045049916291,246.6426692963963,51694800,249.55124838256836,249.80092446899414
2024-12-17,252.1028289794922,252.45093348613432,248.42293425963442,248.72130738305802,51356400,251.97677756500246,252.2288803939819
2024-12-18,246.7023468017578,252.89849494785605,246.39403346062903,250.7900177691265,56774100,246.57899562835695,246.82569797515868
2024-12-19,248.43289184570312,250.63089166027345,245.74756389880645,246.15534002348284,60882300,248.3086753997803,248.55710829162595
2024-12-20,253.10736083984375,253.6145845456153,244.35516822034685,246.69239156062656,147495300,252.98080715942385,253.23391452026365
2024-12-23,253.8831329345703,254.2610580907384,252.07301363460223,253.38584941381717,40858800,253.75619136810303,254.0100745010376
2024-12-24,256.7972106933594,256.80713572411884,253.90300191480816,254.10192745486222,23234700,256.6688120880127,256.92560929870604
2024-12-26,257.61273193359375,258.6868812844183,256.23029959445824,256.78725468311694,27237100,257.48392556762695,257.74153829956055
2024-12-27,254.20138549804688,257.294504767908,251.68513210698922,256.4292059497028,42355300,254.07428480529788,254.32848619079587
2024-12-30,250.82980346679688,252.122743648892,249.38768429964367,250.8596392638085,35557500,250.70438856506348,250.95521836853027
2024-12-31,249.05946350097656,251.90392569582917,248.07483671879714,251.0684930674946,39480700,248.9349337692261,249.18399323272703
2025-01-02,242.52517700195312,247.74665392379396,240.5062071395791,247.57756417344766,55740700,242.40391441345216,242.6464395904541
2025-01-03,242.03782653808594,242.85336358935695,240.5758118291158,242.03782653808594,40244100,241.9168076248169,242.15884545135498
2025-01-06,243.66891479492188,245.98625772407811,241.87869116125097,242.98266113735735,45045600,243.54708033752442,243.79074925231933
2025-01-07,240.89407348632812,244.215923537777,240.0387452815234,241.6598791297847,40856000,240.77362644958498,241.01452052307127
2025-01-08,241.3813934326172,242.3859157551251,238.74579711055483,240.605632433071,37628900,241.26070273590088,241.5020841293335
2025-01-10,235.56320190429688,238.85521627248303,231.73411285331812,238.70602211575698,61710900,235.44542030334475,235.680983505249
2025-01-13,233.12649536132812,233.39503269669683,228.47192915300568,232.2612269401141,49630700,233.00993211364747,233.24305860900878
2025-01-14,232.0125732421875,234.83713969366363,231.2069764534674,233.47458784982285,39435300,231.8965669555664,232.1285795288086
2025-01-15,236.57763671875,237.66172623332486,233.15632396556444,233.36518970349533,39832000,236.45934790039064,236.69592553710936
2025-01-16,227.01986694335938,236.71689557722044,226.79112077355302,236.06049286491137,71759100,226.9063570098877,227.13337687683105
2025-01-17,228.73052978515625,231.02797728143995,227.2386791848797,230.85890270118193,68488300,228.61616452026368,228.84489505004882
2025-01-21,221.43038940429688,223.20071739531107,218.1881065481907,222.783001089375,98070400,221.31967420959475,221.541104598999
2025-01-22,222.61392211914062,222.90233985709415,218.59586314481808,218.59586314481808,64126500,222.50261515808106,222.7252290802002
2025-01-23,222.44485473632812,225.7965406078772,221.09224303438072,223.51898889751178,60234800,222.33363230895998,222.55607716369627
2025-01-24,221.56964111328125,224.40416321125562,220.207089142254,223.5587751677507,54697900,221.45885629272462,221.68042593383788
2025-01-27,228.6111602783203,230.88871192185238,222.76310174211312,222.80289291870474,94863400,228.49685469818115,228.72546585845947
2025-01-28,236.96551513671875,238.88503723433337,229.55599442275542,229.5957855991,75707600,236.8470323791504,237.0839978942871
2025-01-29,238.05955505371094,238.55683854812662,232.73861559310797,232.84801856891494,45486100,237.9405252761841,238.17858483123777
2025-01-30,236.29916381835938,239.48177510143526,235.9212386876704,237.37329797187644,55658300,236.1810142364502,236.41731340026854
2025-01-31,234.7178192138672,245.84702671405668,232.17173004375724,245.84702671405668,100959800,234.60046030426028,234.8351781234741
2025-02-03,226.77120971679688,230.5704628324937,224.47376244068877,228.7404632470789,73063300,226.65782411193848,226.88459532165527
2025-02-04,231.5352020263672,231.86341095944582,225.4186058340825,226.0153521080233,45067300,231.419434425354,231.65096962738036
2025-02-05,231.2069854736328,231.4058958330951,227.0298072213747,227.2883891710869,39620300,231.09138198089602,231.3225889663696
2025-02-06,231.95291137695312,232.5297620441898,229.17806101517482,230.03338922164468,29925300,231.83693492126466,232.0688878326416
2025-02-07,226.39328002929688,232.72866665415378,226.0252799376335,231.33627899238985,39707200,226.28008338928223,226.50647666931152
2025-02-10,226.662109375,229.58935370973873,226.21406518332185,228.57379092662126,33115600,226.54877832031252,226.77544042968748
2025-02-11,231.6105499267578,234.20922454356437,227.1400438259152,227.2097321635687,53718400,231.49474465179443,231.7263552017212
2025-02-12,235.8420867919922,235.9317077791751,229.67894615315132,230.19669384296432,45243300,235.7241657485962,235.96000783538818
2025-02-13,240.48187255859375,241.28835511000761,234.54774465400956,235.8819260401158,53614100,240.36163162231446,240.60211349487304
2025-02-14,243.53855895996094,244.484433375407,239.94422402720738,240.2030902821229,40896200,243.41678968048097,243.6603282394409
2025-02-18,243.40911865234375,244.11602908498713,240.7905267294893,243.0905000064508,48822500,243.2874140930176,243.5308232116699
2025-02-19,243.80738830566406,244.94244069837237,242.10481731288857,243.59830810290342,32204200,243.68548461151124,243.92929199981688
2025-02-20,244.76321411132812,245.70908851524857,243.2298884862767,243.87707690453925,32316900,244.64083250427248,244.88559571838377
2025-02-21,244.4844207763672,247.6107939080121,244.155851012499,244.88267886995578,53197400,244.362178565979,244.60666298675537
2025-02-24,246.0277099609375,247.7800669312537,243.3593319822528,243.86711335623195,51326400,245.90469610595704,246.15072381591796
2025-02-25,245.9679718017578,248.91513366913293,243.84722519384715,246.92381259977986,48013300,245.84498781585694,246.0909557876587
2025-02-26,239.31695556640625,243.91690216055417,238.0922974197643,243.26972892021308,44433600,239.19729708862306,239.43661404418944
2025-02-27,236.27023315429688,241.4078448384303,236.0312691715791,238.3710773588995,41153600,236.15209803771975,236.388368270874
2025-02-28,240.79052734375,241.03944246427386,229.2010399398617,235.92174819400608,56833400,240.67013208007813,240.91092260742187
2025-03-03,236.9970703125,242.97103338088397,235.08540395372597,240.7407483660274,47184000,236.87857177734375,237.11556884765625
2025-03-04,234.90615844726562,239.02820722093006,233.66158290717058,236.6784479935277,53798100,234.788705368042,235.02361152648925
2025-03-05,234.71701049804688,235.5234930679701,228.235250954078,234.39839184729655,47227600,234.59965199279787,234.83436900329588
2025-03-06,234.3087921142578,236.82781201573715,232.1482106078643,233.42265485870865,45170400,234.1916377182007,234.42594651031493
2025-03-07,238.03256225585938,240.32256924437755,233.74125275300776,234.08974000390756,46273600,237.91354597473145,238.1515785369873
2025-03-10,226.4928436279297,235.13518456664028,223.24699590534985,234.5178647329352,72071200,226.37959720611573,226.60609004974364
2025-03-11,219.88165283203125,224.8599551431671,216.50636447278404,222.8387656202518,76137400,219.77171200561526,219.99159365844724
2025-03-12,216.03842163085938,220.78772670269151,213.97741219492326,219.18471261137486,62547500,215.93040242004395,216.1464408416748
2025-03-13,208.77008056640625,215.899013195213,207.51555384047248,215.01287598245443,61368300,208.66569552612305,208.87446560668945
2025-03-14,212.5635528564453,213.02154815111564,208.67051688888432,210.3332680009786,60107600,212.4572710800171,212.66983463287352
2025-03-17,213.07135009765625,214.28605714072168,209.0588394397278,212.3843419118567,48073400,212.96481442260745,213.17788577270505
2025-03-18,211.76702880859375,214.21634506867483,210.57223927739028,213.23065092190424,42432400,211.66114529418945,211.87291232299805
2025-03-19,214.30596923828125,217.8106832228152,212.8224296395377,213.29039128502816,54385400,214.19881625366213,214.41312222290037
2025-03-20,213.17091369628906,216.5462020975973,211.29906714235267,213.0613904363763,48862900,213.06432823944093,213.2774991531372
2025-03-21,217.32281494140625,217.89033350890864,210.36314278996363,210.64192650603025,94127800,217.21415353393556,217.43147634887694
2025-03-24,219.77212524414062,220.5188705761007,217.63146136955083,220.0409578175666,44299500,219.66223918151857,219.88201130676268
2025-03-25,222.77903747558594,223.12752472855482,219.1249652538438,219.81197343150768,34493600,222.66764795684816,222.89042699432372
2025-03-26,220.56866455078125,224.04352508950674,219.51326687455483,222.5400680439697,34466100,220.45838021850588,220.67894888305662
2025-03-27,222.87860107421875,224.0136533961419,219.6028696378956,220.4292696466093,37094800,222.76716177368166,222.99004037475584
2025-03-28,216.9544219970703,222.8387793372666,216.73537546649092,220.7080664246457,39818600,216.84594478607178,217.06289920806884
2025-03-31,221.16604614257812,224.64089116236792,215.29164075657343,216.0682546413304,65299300,221.05546311950684,221.2766291656494
2025-04-01,222.2214813232422,222.70934527111467,217.95008904171658,218.85614379144315,36412700,222.11037058258057,222.3325920639038
2025-04-02,222.91844177246094,224.2128035366635,220.06090083198967,220.35960203797094,35905900,222.80698255157472,223.02990099334716
2025-04-03,202.30825805664062,206.58960121618028,200.37667426890133,204.64805110026137,103419000,202.2071039276123,202.40941218566894
2025-04-04,187.56253051757812,199.01262630823254,186.52703508606032,193.0486144227304,125910900,187.46874925231936,187.6563117828369
2025-04-07,180.6725616455078,193.30748067285785,173.86223225537526,176.43103817745248,160466300,180.58222536468506,180.76289792633057
2025-04-08,171.67178344726562,189.5140179775097,168.47572171547168,185.88981432593783,120859500,171.585947555542,171.75761933898926
2025-04-09,197.98709106445312,199.7394480269994,171.14407803694525,171.20381523449285,184395900,197.88809751892092,198.08608460998533
2025-04-10,189.59365844726562,193.9347385570105,182.205859833413,188.24952597387417,121880000,189.498861618042,189.68845527648924
2025-04-11,197.2901153564453,198.67408279715283,185.2525839628914,185.2924188893916,87435900,197.19147029876711,197.3887604141235
2025-04-14,201.64117431640625,212.01595519155484,200.28707539108044,210.52246440005902,101352900,201.54035372924807,201.74199490356443
2025-04-15,201.2628173828125,202.62686743682656,198.93297540670014,200.98403365195668,51343900,201.16218597412112,201.36344879150388
2025-04-16,193.42697143554688,199.82906121923162,191.5352073519423,197.49921927320653,59732400,193.3302579498291,193.52368492126465
2025-04-17,196.12521362304688,197.96719174329118,193.5763250102755,196.34426016251078,52164700,196.02715101623536,196.22327622985839
2025-04-21,192.32179260253906,192.9590147372882,188.98632373298676,192.43131586910098,46742500,192.2256317062378,192.41795349884032
2025-04-22,198.8732452392578,200.715208155226,195.1196006832811,195.26894368988752,52976400,198.7738086166382,198.97268186187742
2025-04-23,203.71214294433594,207.09738254349836,201.9199510184256,205.10606155750318,52929200,203.61028687286378,203.8139990158081
2025-04-24,207.46578979492188,207.923800345576,202.0593601483308,204.00089523709073,47311000,207.3620569000244,207.56952268981934
2025-04-25,208.371826171875,208.8397878176709,205.30519003897632,205.47445049920006,38222300,208.26764025878907,208.47601208496093
2025-04-28,209.22808837890625,210.5821872117057,206.55972563953335,209.088696522261,38743100,209.1234743347168,209.3327024230957
2025-04-29,210.29347229003906,211.31900144522857,207.46578477039023,207.7844034400983,36827600,210.18832555389406,210.39861902618406
2025-04-30,211.57785034179688,212.65316547487808,205.7731479657814,208.39173986928208,52286500,211.472061416626,211.68363926696776
2025-05-01,212.39431762695312,213.62892699621815,207.99348458901505,208.17271138967982,57365700,212.28812046813965,212.5005147857666
2025-05-02,204.45889282226562,206.0917754590827,201.2827333487594,205.19567188008233,101010600,204.3566633758545,204.56112226867674
2025-05-05,198.02691650390625,203.21431440062256,197.34987465543003,202.21865389928206,69018500,197.92790304565432,198.12592996215818
2025-05-06,197.64854431152344,199.77925700053618,196.165020010421,197.3498583398735,51216500,197.54972003936768,197.7473685836792
2025-05-07,195.3983612060547,198.5745204381265,192.4113798882551,198.30568786560423,68536700,195.30066202545166,195.49606038665772
2025-05-08,196.63299560546875,199.18188402861682,193.83517686729027,196.86199326420865,50478900,196.53467910766602,196.73131210327148
2025-05-09,197.66848754882812,199.66975978270045,196.68277813613466,198.13644922219603,36453900,197.56965330505372,197.76732179260253
2025-05-12,210.15048217773438,210.62903686932515,206.12274573806786,210.32994399020487,63775800,210.04540693664552,210.25555741882323
2025-05-13,212.28399658203125,212.75257189298435,208.36592688565332,209.79158118866218,51909300,212.17785458374024,212.39013858032226
2025-05-14,211.68582153320312,213.29093762104833,209.94113079478424,211.78550901932945,49325800,211.57997862243653,211.79166444396972
2025-05-15,210.80848693847656,212.31391554357438,208.90427796298633,210.31000386923802,45029500,210.70308269500734,210.9138911819458
2025-05-16,210.6190643310547,211.92510277199543,209.1335944967917,211.71573318604425,54737900,210.51375479888918,210.7243738632202
2025-05-19,208.14657592773438,208.84444913775627,203.6402850091008,207.27922031045682,46140500,208.04250263977053,208.25064921569822
2025-05-20,206.232421875,207.83753801206538,204.40797196423648,207.03996203611737,42496600,206.1293056640625,206.3355380859375
2025-05-21,201.4768829345703,206.41186226922272,200.10108001028593,204.5475404614086,59211800,201.37614449310303,201.5776213760376
2025-05-22,200.7490997314453,202.1348820380274,199.09413231135568,200.1010778345708,46742400,200.6487251815796,200.84947428131102
2025-05-23,194.67758178710938,197.10020219746903,192.8730755135501,193.0824298832746,78432900,194.58024299621584,194.7749205780029
2025-05-27,199.60260009765625,200.1309909415137,196.83102019804124,197.6983910952664,56288500,199.50279879760743,199.70240139770507
2025-05-28,199.81195068359375,202.11494001836002,199.2935240345892,199.98143310081724,45339700,199.71204470825197,199.91185665893553
2025-05-29,199.3433837890625,203.19167383577107,197.90775006205254,202.9623758748587,51396800,199.243712097168,199.443055480957
2025-05-30,200.24066162109375,201.3472946799051,196.18300200128658,198.7651407343476,70819900,200.1405412902832,200.3407819519043
2025-06-02,201.08807373046875,201.51677709467234,199.51286535414474,199.67238359256916,35423300,200.98752969360353,201.18861776733397
2025-06-03,202.65330505371094,203.1517881077627,200.35031577799097,200.73913195165156,46381600,202.5519784011841,202.75463170623777
2025-06-04,202.20468139648438,205.6143037964219,201.48686455307688,202.29440469878628,43604000,202.10357905578616,202.3057837371826
2025-06-05,200.02133178710938,204.12882762641604,199.54277706238673,202.88261988754903,55126100,199.92132112121584,200.1213424530029
2025-06-06,203.30133056640625,205.07592905349443,201.4370087789868,202.3841235560851,46607700,203.19967990112306,203.40298123168944
2025-06-09,200.83883666992188,205.37503589356555,199.4131823149893,203.76991971327615,72862600,200.73841725158692,200.93925608825683
2025-06-10,202.05511474609375,203.73002568042446,199.96149509379936,199.9914028593682,54672600,201.9540871887207,202.1561423034668
2025-06-11,198.1769256591797,203.8795731269679,197.80805305990708,202.88260699920767,60989900,198.07783719635012,198.27601412200926
2025-06-12,198.5956573486328,199.07419684911244,196.7612432530472,198.47602627663701,43904600,198.4963595199585,198.69495517730712
2025-06-13,195.85398864746094,199.76209396079906,195.1062640673262,199.12403626091725,51447300,195.7560616531372,195.95191564178467
2025-06-16,197.81802368164062,198.08720880439395,195.96366601516638,196.701426450214,43020700,197.7191146697998,197.91693269348144
2025-06-17,195.0464630126953,197.7881200100286,194.61777485692886,196.60172782081946,38856200,194.94893978118898,195.14398624420164
2025-06-18,195.9835968017578,196.97059871241268,194.4781834746436,195.34553910938874,45394700,195.88560500335694,196.08158860015868
2025-06-20,200.39019775390625,201.08807102199273,196.2627584683704,197.63857663438114,96813500,200.2900026550293,200.4903928527832
2025-06-23,200.888671875,201.686247808318,198.3563846401482,201.01828233775666,55814300,200.78822753906252,200.98911621093748
2025-06-24,199.6923065185547,202.82277936444737,199.59260382672892,201.9753521214132,54064000,199.5924603652954,199.79215267181397
2025-06-25,200.94850158691406,203.05210084338043,200.01135094007643,200.83883469818846,39525700,200.84802733612062,201.0489758377075
2025-06-26,200.39019775390625,202.025221644493,198.85487656411598,200.81888589983927,50799100,200.2900026550293,200.4903928527832
2025-06-27,200.46995544433594,202.60346239871808,199.39323017588663,201.2774955925489,73188600,200.36972046661378,200.5701904220581
2025-06-30,204.5475311279297,206.76079706763053,198.65545787730727,201.39711462840114,91912800,204.44525736236574,204.64980489349364
2025-07-01,207.1894989013672,209.5523036527052,205.5145879695679,206.04297877714563,78788900,207.0859041519165,207.29309365081787
2025-07-02,211.7954864501953,212.69274987948137,207.5085290616707,208.2761972389462,67941800,211.68958870697023,211.9013841934204
2025-07-03,212.90213012695312,213.9987837940836,211.16740350258758,211.5063683517463,34955800,212.79567906188967,213.00858119201658
2025-07-07,209.3130340576172,215.57398008038285,208.16652910348648,212.03474730839852,50229000,209.2083775405884,209.41769057464597
2025-07-08,209.3728485107422,210.78853856973336,207.81758380403343,209.46258702266434,42848900,209.26816208648683,209.47753493499755
2025-07-09,210.4994354248047,210.6888614301138,206.59132988433592,208.8943192909964,48749400,210.3941857070923,210.60468514251707
2025-07-10,211.76556396484375,212.83230973607434,209.3927798795442,209.87131932773667,44443600,211.65968118286133,211.87144674682617
2025-07-11,210.51937866210938,211.48643705736623,209.2233196075129,209.931172276849,39765800,210.41411897277834,210.6246383514404
2025-07-14,207.98707580566406,210.27013683517245,206.91035052542594,209.29309904361602,38840100,207.88308226776124,208.0910693435669
2025-07-15,208.4755859375,211.24715053377864,208.28615994072268,208.5852528191871,42296300,208.37134814453125,208.57982373046875
2025-07-16,209.5224151611328,211.7556096589697,208.0070223143888,209.66198981724762,47490500,209.41765395355225,209.62717636871338
2025-07-17,209.38284301757812,211.1574416148312,208.95413964633332,209.93117746335784,48068100,209.27815159606934,209.48753443908691
2025-07-18,210.539306640625,211.1474566075158,209.06380098140497,210.23024956462245,48974600,210.4340369873047,210.6445762939453
2025-07-21,211.83535766601562,215.12534891613055,210.98794558852114,211.45652088357517,51377400,211.72943998718262,211.94127534484863
2025-07-22,213.74954223632812,214.29787667610697,211.5861274580158,212.49337032996837,46404100,213.64266746520997,213.85641700744628
2025-07-23,213.5002899169922,214.4972560435483,211.76557859278188,214.3477172095632,46989300,213.3935397720337,213.60704006195067
2025-07-24,213.11148071289062,215.03563331063384,212.8821827557749,213.25105536667797,46022600,213.00492497253418,213.21803645324707
2025-07-25,213.23110961914062,214.58698409364732,212.75255494872997,214.0486138925591,40268800,213.12449406433106,213.3377251739502
2025-07-28,213.40061950683594,214.1981955143971,212.41361748607306,213.38067592321022,37858000,213.29391919708254,213.50731981658933
2025-07-29,210.62904357910156,214.1582970701604,210.18041185237743,213.53020352524888,51411700,210.523729057312,210.73435810089111
2025-07-30,208.415771484375,211.74563469104578,207.0898047125579,211.25711581327238,45512500,208.31156359863283,208.51997937011717
2025-07-31,206.94027709960938,209.20337937318874,206.5315173151756,207.85748415888986,80698400,206.83680696105958,207.04374723815917
2025-08-01,201.76602172851562,212.93203997684435,200.88868661623732,210.23025491744008,104434500,201.6651387176514,201.86690473937986
2025-08-04,202.7330780029297,207.24933356384108,201.06813110178,203.8895472057539,75109300,202.63171146392824,202.83444454193113
2025-08-05,202.3043670654297,204.71702329589334,201.54667827641916,202.78290655256814,44155100,202.203214881897,202.40551924896238
2025-08-06,212.60302734375,214.72657006985978,204.96626313259566,205.00615029681612,108483100,212.49672583007813,212.70932885742187
2025-08-07,219.36245727539062,220.1799768073744,215.92292715514498,218.2159523061407,90224800,219.25277604675293,219.47213850402832
2025-08-08,228.65420532226562,230.29919347638386,218.58484056145957,220.16004899168945,113854000,228.5398782196045,228.76853242492675
2025-08-11,226.74781799316406,229.12329528601256,224.3324234952035,227.4864157407103,61806100,226.63444408416748,226.86119190216064
2025-08-12,229.21310424804688,230.36092560837628,226.63802588155738,227.57622481823222,55626200,229.09849769592287,229.32771080017088
2025-08-13,232.88612365722656,234.55294488479396,229.99163136972763,230.6304284784954,69878500,232.76968059539797,233.00256671905515
2025-08-14,232.33717346191406,234.67271834509882,230.41085227691244,233.61473725595164,51916300,232.22100487518313,232.453342048645
2025-08-15,231.1494140625,233.834298979768,228.9036945156081,233.5548328767578,56038700,231.03383935546876,231.26498876953124
2025-08-18,230.45074462890625,232.67649791960375,229.6722297518056,231.2592012143754,37476200,230.33551925659182,230.56597000122068
2025-08-19,230.1213836669922,232.42698672077375,228.9136940815642,230.84001516813981,39402600,230.0063229751587,230.23644435882568
2025-08-20,225.5800323486328,230.0315543310328,225.3404986724704,229.54248102593337,42263900,225.4672423324585,225.6928223648071
2025-08-21,224.47213745117188,226.08906587116957,223.3542730460458,225.8395414786139,30621200,224.3599013824463,224.58437351989744
2025-08-22,227.3267059326172,228.65417758009713,224.98118568943215,225.73973438952316,42477800,227.2130425796509,227.44036928558347
2025-08-25,226.7278594970703,228.86378779922748,225.79962078901826,226.0491451945495,30983100,226.6144955673218,226.84122342681883
2025-08-26,228.87376403808594,229.0534295301293,224.26255788237486,226.43840339540802,54575100,228.75932715606692,228.98820092010496
2025-08-27,230.05152893066406,230.46073738560713,227.82576024347395,228.17510050695543,31259500,229.93650316619875,230.16655469512938
2025-08-28,232.11758422851562,232.9659733126178,228.90370861616245,230.3809040856524,38074700,232.00152543640138,232.23364302062987
2025-08-29,231.69837951660156,232.9360260407387,230.92984008944924,232.0676707602769,39418400,231.58253032684328,231.81422870635984
2025-09-02,229.28298950195312,230.4108447009183,226.53822101083426,228.81388239599917,44075600,229.16834800720216,229.3976309967041
2025-09-03,238.01634216308594,238.395624134605,233.9141603097862,236.75874463665696,66427800,237.8973339920044,238.13535033416747
2025-09-04,239.3238525390625,239.4436193831587,236.28964239378743,237.9963808412042,47549400,239.20419061279298,239.44351446533202
2025-09-05,239.2340087890625,240.86091270031892,238.03629475202086,239.54341659874092,54870400,239.114391784668,239.353625793457
2025-09-08,237.42745971679688,239.69313028194867,235.89038089866295,238.84475646782593,48999500,237.30874598693848,237.54617344665527
2025-09-09,233.9041748046875,238.3257397896772,232.9160527142261,236.54912730927947,66313900,233.78722271728518,234.02112689208982
2025-09-10,226.35855102539062,231.97784546194652,225.52015268533836,231.7482872752143,83440800,226.24537174987793,226.47173030090332
2025-09-11,229.59239196777344,230.01159113632517,226.21881717306923,226.44839058875493,50208600,229.47759577178957,229.7071881637573
2025-09-12,233.62472534179688,234.0638755168574,228.58432913969838,228.78394562468256,55824200,233.507912979126,233.74153770446776
2025-09-15,236.24969482421875,237.7368657054393,234.58287368836292,236.54912714503797,42699500,236.13156997680665,236.36781967163085
2025-09-16,237.6969451904297,240.76111223381088,235.87043992435724,236.72878926810645,63421100,237.57809671783448,237.8157936630249
2025-09-17,238.5353546142578,239.6432435766681,237.27774187166392,238.5153883976145,46508000,238.4160869369507,238.65462229156492
2025-09-18,237.42745971679688,240.74113579799257,236.199788714976,239.5134800259323,44249600,237.30874598693848,237.54617344665527
2025-09-19,245.032958984375,245.83144010441063,239.7530294205925,240.77107799962133,163741300,244.91044250488284,245.15547546386716
2025-09-22,255.5928192138672,256.15178189089505,247.64797087114997,247.82763635806887,105517400,255.46502280426026,255.72061562347412
2025-09-23,253.9459686279297,256.8504363399061,253.0975947938589,255.39322235208516,60275200,253.81899564361575,254.07294161224362
2025-09-24,251.8300018310547,255.2534845023776,250.56241362070242,254.73446948849343,42303700,251.70408683013918,251.9559168319702
2025-09-25,256.3813171386719,256.6807646844572,251.2311452680336,252.72829161839874,55202100,256.25312648010254,256.5095077972412
2025-09-26,254.97401428222656,257.10994249251326,253.2972024297037,253.61660096533106,46076300,254.84652727508546,255.10150128936766
2025-09-29,253.9459686279297,254.5148915782133,252.52867184357527,254.0757261912774,40127700,253.81899564361575,254.07294161224362
2025-09-30,254.14559936523438,255.4331385813304,252.6284867333586,254.37515755125318,37704300,254.01852656555178,254.27267216491697
2025-10-01,254.9640350341797,258.29769267334166,254.44502000530687,254.55481135314994,48713900,254.8365530166626,255.09151705169677
2025-10-02,256.6408386230469,257.68882891050583,253.66649683440303,256.09186667190835,42630200,256.51251820373534,256.7691590423584
2025-10-03,257.5291442871094,258.7468246365968,253.46689477740222,254.18552630266564,49155600,257.4003797149658,257.6579088592529
2025-10-06,256.2016906738281,258.5771679771474,254.56481112131073,257.49920544747016,44664100,256.0735898284912,256.32979151916504
2025-10-07,255.99208068847656,256.91031341337026,254.94405994391948,256.3214394907812,31955800,255.86408464813235,256.1200767288208
2025-10-08,257.5690612792969,258.0281776413904,255.62275879770374,256.03198246417537,36496900,257.44027674865725,257.6978458099365
2025-10-09,253.55670166015625,257.50917476461467,252.65841993311406,257.3195337882977,38322000,253.4299233093262,253.6834800109863
2025-10-10,244.80340576171875,255.8922708493858,243.53581752909898,254.45500785015722,61999100,244.6810040588379,244.9258074645996
2025-10-13,247.18885803222656,249.2149949644775,245.09284695690994,248.90558714178317,38142900,247.06526360321047,247.31245246124266
2025-10-14,247.29864501953125,248.37659224814226,244.23447809703134,246.13087266264282,35478000,247.1749956970215,247.422294342041
2025-10-15,248.8656463623047,251.3409393203658,246.99920876557604,249.01537013681215,33893600,248.74121353912355,248.99007918548583
2025-10-16,246.979248046875,248.56621957555782,244.66366953460536,247.7777291727393,39777000,246.85575842285158,247.10273767089842
2025-10-17,251.81002807617188,252.89796599708643,246.79958926324147,247.5481624372989,49147000,251.6841230621338,251.93593309020994
2025-10-20,261.7411193847656,263.87706298772724,255.14370850365398,255.4032084113237,90483000,261.61024882507326,261.871989944458
2025-10-21,262.2701110839844,264.7853366806196,261.33189684706855,261.38182000576944,46695900,262.1389760284424,262.40124613952634
2025-10-22,257.9583435058594,262.349966966352,254.94406918261987,262.15033525743416,45015300,257.82936433410646,258.0873226776123
2025-10-23,259.0861511230469,260.12418111371363,257.51916110368444,259.4454820834593,32754900,258.95660804748536,259.2156941986084
2025-10-24,262.32000732421875,263.6275126875418,258.68691759501684,260.69310343226954,38253700,262.18884732055665,262.45116732788085
2025-10-27,268.2986145019531,268.60802232244004,264.1465248140549,264.37609822840903,44888200,268.1644651947022,268.43276380920406
2025-10-28,268.4882507324219,269.3765722048576,267.63986169210665,268.4782600095115,41534800,268.3540066070557,268.62249485778807
2025-10-29,269.1869201660156,270.8936584399069,266.6018207191691,268.76770579477784,51086700,269.0523267059326,269.32151362609864
2025-10-30,270.8836669921875,273.6184749716116,267.969239224885,271.4725408872279,69886500,270.7482251586914,271.0191088256836
2025-10-31,269.85565185546875,276.79244258078194,268.647962249571,276.4630533049319,86167100,269.72072402954103,269.99057968139647
2025-11-03,268.53814697265625,270.33474092754267,265.74348587775046,269.90556627002525,50194600,268.4038778991699,268.6724160461426
2025-11-04,269.5262756347656,270.9734988318123,267.11086611942017,267.8195068636227,49274800,269.3915124969483,269.66103877258297
2025-11-05,269.6260986328125,271.18312844251227,266.4221834255846,268.0989800730272,43683100,269.4912855834961,269.7609116821289
2025-11-06,269.25677490234375,272.8798740142925,267.38037702601645,267.38037702601645,51204000,269.1221465148926,269.3914032897949
2025-11-07,267.9592590332031,271.7719991063764,266.26248096015127,269.28671541495146,48227400,267.8252794036865,268.0932386627197
2025-11-10,269.1781311035156,273.4741297822401,267.20997142836535,268.7085692371889,41312400,269.0435420379639,269.31272016906735
2025-11-11,274.99267578125,275.65206242273547,269.5477586519058,269.55775905965567,46208300,274.8551794433594,275.1301721191406
2025-11-12,273.21435546875,275.4722525277038,271.4460210796085,274.74292397164845,48398000,273.07774829101567,273.35096264648433
2025-11-13,272.6948547363281,276.4413491841305,271.83564282199285,273.85374352181776,49602800,272.55850730896,272.8312021636963
2025-11-14,272.15533447265625,275.70200347225597,269.3479639093673,270.7965900477885,47431300,272.01925680541996,272.29141213989254
2025-11-17,267.2099609375,270.2371271729127,265.48159771217263,268.5687054184609,45018300,267.07635595703124,267.34356591796876
2025-11-18,267.19000244140625,270.4569347049811,265.0719890725528,269.7376065335732,45677300,267.0564074401856,267.3235974426269
2025-11-19,268.3089294433594,271.9555110777923,265.2517925781922,265.2817633125939,40424500,268.1747749786377,268.44308390808106
2025-11-20,266.0010986328125,275.17250947675234,265.67142054546326,270.5768036466949,45823600,265.86809808349614,266.13409918212886
2025-11-21,271.2361755371094,273.0744516711978,265.4216397990326,265.70137680880595,59030800,271.10055744934084,271.3717936248779
2025-11-24,275.6620788574219,276.7410558404627,270.64675212306133,270.64675212306133,65585800,275.52424781799317,275.7999098968506
2025-11-25,276.7110900878906,280.1179060838009,274.9926967216935,275.012667049666,46914200,276.5727345428467,276.84944563293453
2025-11-26,277.29052734375,279.26868736786383,276.3714044558947,276.70108254872224,33431400,277.15188208007817,277.42917260742183
2025-11-28,278.5893249511719,278.73917862681736,275.73198274965245,277.0008150112318,20135600,278.4500302886963,278.7286196136474
2025-12-01,282.8353576660156,283.1550658399818,275.88187257202503,277.75011957449965,46587700,282.69393998718266,282.9767753448486
2025-12-02,285.9224548339844,287.1313151163589,282.36578537497866,282.7354345985028,53669500,285.77949360656737,286.0654160614014
2025-12-03,283.8843688964844,288.35019153510143,283.0351573834178,285.9324708384744,43538700,283.74242671203615,284.0263110809326
2025-12-04,280.4375915527344,284.46382276925783,278.32954829392816,283.83440686502166,43989100,280.297372756958,280.57781034851075
2025-12-05,278.5193786621094,280.8771882481053,277.79005013345267,280.27774306596746,47265800,278.38011897277835,278.6586383514404
2025-12-08,277.6302185058594,279.4085531850005,275.8918244790692,277.86998437615557,38211800,277.4914033966065,277.7690336151123
2025-12-09,276.9208679199219,279.7682096639769,276.6611317163261,277.8999627322321,32193300,276.7824074859619,277.0593283538818
2025-12-10,278.5193786621094,279.48847306800184,276.1815698919154,277.490342786908,33038300,278.38011897277835,278.6586383514404
2025-12-11,277.77008056640625,279.3286197507982,273.5540244422053,278.83908758708685,33248000,277.63119552612307,277.90896560668943
2025-12-12,278.0198669433594,278.9589906850317,276.5612402656973,277.64021728323,39532900,277.88085700988773,278.158876876831
2025-12-15,273.8537292480469,279.8880911943856,272.5849275039148,279.8880911943856,50409100,273.7168023834229,273.9906561126709
2025-12-16,274.353271484375,275.2424541197232,271.53593087885605,272.5649667835892,37648600,274.21609484863285,274.49044812011715
2025-12-17,271.58587646484375,275.90184538512057,271.38608172110213,274.75292651919426,50138700,271.45008352661137,271.72166940307613
2025-12-18,271.935546875,273.374203136776,266.7004552212896,273.35420232069225,51630700,271.79957910156253,272.07151464843747
2025-12-19,273.4141845703125,274.34330788170604,269.64768928264715,271.8955859651445,144632000,273.2774774780274,273.5508916625976
2025-12-22,270.7166748046875,273.62395794129594,270.25711338978425,272.6048920133635,36571800,270.58131646728515,270.85203314208985
2025-12-23,272.1053771972656,272.2452609569047,269.30800689497966,270.5868091030317,29642000,271.969324508667,272.24142988586425
2025-12-24,273.55401611328125,275.17249671786806,271.9455359163183,272.085389177814,17910600,273.4172391052246,273.6907931213379
2025-12-26,273.1444091796875,275.1125687682936,272.6049054553,273.9037084592662,21521800,273.0078369750977,273.2809813842773
2025-12-29,273.50408935546875,274.10350406329195,272.0954038139857,272.4350823114352,23715200,273.367337310791,273.6408414001465
2025-12-30,272.82470703125,273.82377221524894,272.02546707967076,272.5549704076282,22139600,272.6882946777344,272.9611193847656
2025-12-31,271.6058349609375,273.42414083736213,271.49595243002375,272.80472532736104,27293600,271.470032043457,271.741637878418
2026-01-02,270.75665283203125,277.58025431004916,268.7485221479618,272.0054842546519,37838100,270.62127450561525,270.89203115844725
2026-01-05,267.0101623535156,271.25618925068443,265.89121426121545,270.38700744645297,45647200,266.8766572723389,267.14366743469236
2026-01-06,262.1147155761719,267.2998660934885,261.8749496989937,266.7503924619391,52352100,261.9836582183838,262.2457729339599
2026-01-07,260.08660888671875,263.4334831315393,259.56710600115036,262.95395138764474,48309800,259.9565655822754,260.2166521911621
2026-01-08,258.7978515625,259.0476178563403,255.46096229095477,256.7797203952787,50419300,258.66845263671877,258.92725048828123
2026-01-09,259.1275329589844,259.9667440583015,255.98048371428257,258.8377955175017,39997000,258.9979691925049,259.25709672546384
2026-01-12,260.0067138671875,261.05572011368304,256.5599267903311,258.9177364764393,45263800,259.87671051025393,260.13671722412107
2026-01-13,260.8059387207031,261.56523797230057,258.148452318208,258.4781303943212,45730800,260.6755357513428,260.93634169006344
2026-01-14,259.71697998046875,261.57525710051715,256.4700180914029,259.247418118488,40019400,259.5871214904785,259.846838470459
2026-01-15,257.9685974121094,260.7959687899761,256.8096782083212,260.40631875644857,39388600,257.83961311340335,258.0975817108154
2026-01-16,255.29112243652344,258.6579671912775,254.69167723491495,257.6589020182799,72142800,255.16347687530518,255.4187679977417
2026-01-20,246.46937561035156,254.55180921698133,243.19244305608962,252.49373739571587,80267500,246.3461409225464,246.59261029815673
2026-01-21,247.41848754882812,251.3248360900433,244.9507953165175,248.46750904444812,54641700,247.2947783050537,247.54219679260254
2026-01-22,248.1178436279297,250.76536025794266,247.9180183962477,248.96703988447874,39708300,247.99378470611575,248.24190254974363
2026-01-23,247.80812072753906,249.17685039145397,244.45126111041233,247.08880782235642,41689000,247.68421666717532,247.9320247879028
2026-01-26,255.17123413085938,256.32015295784896,249.5664780183616,251.24490015634893,55969200,255.04364851379395,255.2988197479248
2026-01-27,258.0285339355469,261.70511669708895,257.96859246831417,258.92771692213245,49648300,257.8995196685791,258.15754820251465
2026-01-28,256.2002868652344,258.61800761819165,254.27208306792676,257.409147241713,41288000,256.07218672180176,256.328387008667
2026-01-29,258.0385437011719,259.4072580677027,254.17216647920577,257.75880668092503,67253000,257.9095244293213,258.1675629730224
2026-01-30,259.2374267578125,261.6551472598355,251.94423313215475,254.93144331105526,92443400,259.1078080444336,259.3670454711914
2026-02-02,269.7575988769531,270.2371306501278,258.9676766447768,259.7869174093499,73913400,269.62272007751466,269.8924776763916
2026-02-03,269.22808837890625,271.6258386480508,267.3598109321867,268.9483513556569,64394700,269.0934743347168,269.3627024230957
2026-02-04,276.23150634765625,278.68922850453845,272.03545112075,272.03545112075,90545700,276.09339059448246,276.36962210083004
2026-02-05,275.6520690917969,279.2387093202658,272.97458180817284,277.86999494352693,52977400,275.514243057251,275.78989512634274
2026-02-06,277.8599853515625,280.6473855638201,276.67109542368036,276.8609202349588,50453400,277.72105535888676,277.99891534423824
2026-02-09,274.6199951171875,278.20001220703125,271.70001220703125,277.9100036621094,44623400,274.4826851196289,274.7573051147461
2026-02-10,273.67999267578125,275.3699951171875,272.94000244140625,274.8900146484375,34376900,273.5431526794434,273.8168326721191
2026-02-11,275.5,280.17999267578125,274.45001220703125,274.70001220703125,51931300,275.36225,275.63775
2026-02-12,261.7300109863281,275.7200012207031,260.17999267578125,275.5899963378906,81077200,261.599145980835,261.8608759918213
2026-02-13,255.77999877929688,262.2300109863281,255.4499969482422,262.010009765625,56290700,255.65210877990725,255.9078887786865
2026-02-17,263.8800048828125,266.2900085449219,255.5399932861328,258.04998779296875,58469100,263.7480648803711,264.0119448852539
2026-02-18,264.3500061035156,266.82000732421875,262.45001220703125,263.6000061035156,34203300,264.21783110046385,264.4821811065674
2026-02-19,260.5799865722656,264.4800109863281,260.04998779296875,262.6000061035156,30845300,260.4496965789795,260.71027656555174
2026-02-20,264.5799865722656,264.75,258.1600036621094,258.9700012207031,42070500,264.4476965789795,264.71227656555175
2026-02-23,266.17999267578125,269.42999267578125,263.3800048828125,263.489990234375,37308200,266.04690267944335,266.31308267211915
2026-02-24,272.1400146484375,274.8900146484375,267.7099914550781,267.8599853515625,47014600,272.0039446411133,272.2760846557617
2026-02-25,274.2300109863281,274.94000244140625,271.04998779296875,271.7799987792969,33714300,274.09289598083495,274.3671259918213
2026-02-26,272.95001220703125,276.1099853515625,270.79998779296875,274.95001220703125,32345100,272.8135372009277,273.0864872131348
2026-02-27,264.17999267578125,272.80999755859375,262.8900146484375,272.80999755859375,72366500,264.0479026794434,264.3120826721191
2026-03-02,264.7200012207031,266.5299987792969,260.20001220703125,262.4100036621094,41827900,264.5876412200928,264.85236122131346
2026-03-03,263.75,265.55999755859375,260.1300048828125,263.4800109863281,38568900,263.618125,263.881875
2026-03-04,262.5199890136719,266.1499938964844,261.4200134277344,264.6499938964844,39803100,262.38872901916505,262.6512490081787
2026-03-05,260.2900085449219,261.55999755859375,257.25,260.7900085449219,49658600,260.15986354064944,260.4201535491943
2026-03-06,257.4599914550781,258.7699890136719,254.3699951171875,258.6300048828125,41120000,257.3312614593506,257.5887214508056
2026-03-09,259.8800048828125,261.1499938964844,253.67999267578125,255.69000244140625,38218500,259.7500648803711,260.0099448852539
2026-03-10,260.8299865722656,262.4800109863281,256.95001220703125,257.6499938964844,30590800,260.6995715789795,260.96040156555176
2026-03-11,260.80999755859375,262.1300048828125,259.54998779296875,261.0899963378906,26218900,260.67959255981447,260.94040255737303
2026-03-12,255.75999450683594,258.95001220703125,254.17999267578125,258.6600036621094,40794000,255.63211450958252,255.88787450408935
2026-03-13,250.1199951171875,256.3299865722656,249.52000427246094,255.47999572753906,36930000,249.99493511962893,250.24505511474607
2026-03-16,252.82000732421875,253.88999938964844,249.8800048828125,252.11000061035156,32074200,252.69359732055665,252.94641732788085
2026-03-17,254.22999572753906,255.1300048828125,252.17999267578125,252.9600067138672,32361600,254.10288072967532,254.3571107254028
2026-03-18,249.94000244140625,254.94000244140625,249.0,252.6300048828125,35757900,249.81503244018555,250.06497244262695
2026-03-19,248.9600067138672,251.8300018310547,247.3000030517578,249.39999389648438,34864100,248.83552671051027,249.0844867172241
2026-03-20,247.99000549316406,249.1999969482422,246.0,247.97999572753906,88331100,247.8660104904175,248.11400049591063
2026-03-23,251.49000549316406,254.60000610351562,250.27999877929688,253.97000122070312,40546100,251.3642604904175,251.61575049591062
2026-03-24,251.63999938964844,254.8300018310547,249.5500030517578,250.35000610351562,45152300,251.51417938995363,251.76581938934325
2026-03-25,252.6199951171875,255.0,251.60000610351562,254.10000610351562,28476700,252.4936851196289,252.7463051147461
2026-03-26,252.88999938964844,257.0,250.77000427246094,252.1199951171875,41796700,252.76355438995364,253.01644438934323
2026-03-27,248.8000030517578,255.49000549316406,248.07000732421875,253.89999389648438,47900000,248.67560305023196,248.92440305328367
2026-03-30,246.6300048828125,250.83999633789062,245.50999450683594,249.9949951171875,38248670,246.5066898803711,246.7533198852539
